id,break_id,user_id,name,category,format,item,total_fee,paid,balance,status,is_opened,is_shipped,is_cleared,payment_method,merchant_trade_no,payment_date,remark,created_at,updated_at
,Ning-014,AKA黑馬大帥哥,Topps 2025/26 NBA flagships hobby box*4,籃球🏀,隨機,隨機-沙加緬度國王,650,650,,,Y,Y,,,,,,,
,Ning-014,ALEX一族,Topps 2025/26 NBA flagships hobby box*4,籃球🏀,隨機,"隨機-曼菲斯灰熊
隨機-鳳凰城太陽
隨機-布魯克林籃網
隨機-密爾瓦基公鹿",2600,2600,,,Y,Y,,,,,,,
,Ning-014,Allen,Topps 2025/26 NBA flagships hobby box*4,籃球🏀,隨機,隨機-奧克拉荷馬雷霆,650,650,,,Y,Y,,,,,,,
,Ning-014,few,Topps 2025/26 NBA flagships hobby box*4,籃球🏀,隨機,隨機-克里夫蘭騎士,650,650,,,Y,Y,,,,,,,
,Ning-014,Goz,Topps 2025/26 NBA flagships hobby box*4,籃球🏀,隨機,"隨機-聖安東尼奧馬刺
隨機-波特蘭拓荒者",1300,1300,,,Y,Y,,,,,,,
,Ning-014,H,Topps 2025/26 NBA flagships hobby box*4,籃球🏀,隨機,"隨機-華盛頓巫師
隨機-洛杉磯湖人",1300,1300,,,Y,Y,,,,,,,
,Ning-014,Jk,Topps 2025/26 NBA flagships hobby box*4,籃球🏀,隨機,"隨機-明尼蘇達灰狼
隨機-丹佛金塊",1300,650,,,Y,Y,,,,,,,
,Ning-014,L34F,Topps 2025/26 NBA flagships hobby box*4,籃球🏀,隨機,隨機-紐奧良鵜鶘,650,650,,,Y,Y,,,,,,,
,Ning-014,Marin,Topps 2025/26 NBA flagships hobby box*4,籃球🏀,隨機,隨機-波士頓塞爾提克,650,650,,,Y,Y,,,,,,,
,Ning-014,Mark,Topps 2025/26 NBA flagships hobby box*4,籃球🏀,隨機,隨機-亞特蘭大老鷹,650,650,,,Y,Y,,,,,,,
,Ning-014,Mmmmmmmmm,Topps 2025/26 NBA flagships hobby box*4,籃球🏀,隨機,隨機-印第安那溜馬,650,650,,,Y,Y,,,,,,,
,Ning-014,Mr.宋,Topps 2025/26 NBA flagships hobby box*4,籃球🏀,隨機,隨機-底特律活塞,650,650,,,Y,Y,,,,,,,
,Ning-014,NKU,Topps 2025/26 NBA flagships hobby box*4,籃球🏀,隨機,隨機-達拉斯獨行俠,650,650,,,Y,Y,,,,,,,
,Ning-014,STH89,Topps 2025/26 NBA flagships hobby box*4,籃球🏀,隨機,"隨機-紐約尼克
隨機-洛杉磯快艇",1300,1300,,,Y,Y,,,,,,,
,Ning-014,Ty,Topps 2025/26 NBA flagships hobby box*4,籃球🏀,隨機,隨機-費城76人,650,650,,,Y,Y,,,,,,,
,Ning-014,透明馬克杯,Topps 2025/26 NBA flagships hobby box*4,籃球🏀,隨機,"隨機-多倫多暴龍
隨機-邁阿密熱火
隨機-猶他爵士
隨機-芝加哥公牛
隨機-夏洛特黃蜂
隨機-奧蘭多魔術",3900,3900,,,Y,Y,,,,,,,
,Ning-014,歐陽鋒,Topps 2025/26 NBA flagships hobby box*4,籃球🏀,隨機,隨機-休士頓火箭,650,650,,,Y,Y,,,,,,,
,Ning-014,臘腸,Topps 2025/26 NBA flagships hobby box*4,籃球🏀,隨機,隨機-金州勇士,650,650,,,Y,Y,,,,,,,
,Ning-015,小P,2025 BC Sapphire hobby*2+ BC hobby*2 mixer,棒球⚾️,隨機,隨機-休士頓太空人,1300,1300,,,Y,Y,,,,,,,
,Ning-015,中大獎,2025 BC Sapphire hobby*2+ BC hobby*2 mixer,棒球⚾️,隨機,隨機-堪薩斯市皇家,1300,1300,,,Y,Y,,,,,,,
,Ning-015,馬,2025 BC Sapphire hobby*2+ BC hobby*2 mixer,棒球⚾️,隨機,"隨機-底特律老虎
隨機-洛杉磯道奇",2600,2600,,,Y,Y,,,,,,,
,Ning-015,透明馬克杯,2025 BC Sapphire hobby*2+ BC hobby*2 mixer,棒球⚾️,隨機,"隨機-明尼蘇達雙城
隨機-費城費城人
隨機-華盛頓國民",3900,3900,,,Y,Y,,,,,,,
,Ning-015,壹五,2025 BC Sapphire hobby*2+ BC hobby*2 mixer,棒球⚾️,隨機,隨機-聖地牙哥教士,1300,1300,,,Y,Y,,,,,,,
,Ning-015,頎,2025 BC Sapphire hobby*2+ BC hobby*2 mixer,棒球⚾️,隨機,隨機-克羅拉多落磯,1300,1300,,,Y,Y,,,,,,,
,Ning-015,超吉大麥克,2025 BC Sapphire hobby*2+ BC hobby*2 mixer,棒球⚾️,隨機,"隨機-克里夫蘭守護者
隨機-舊金山巨人",2600,2600,,,Y,Y,,,,,,,
,Ning-015,歐陽鋒,2025 BC Sapphire hobby*2+ BC hobby*2 mixer,棒球⚾️,隨機,隨機-德州遊騎兵,1300,1300,,,Y,Y,,,,,,,
,Ning-015,臘腸,2025 BC Sapphire hobby*2+ BC hobby*2 mixer,棒球⚾️,隨機,隨機-西雅圖水手,1300,1300,,,Y,Y,,,,,,,
,Ning-015,a2,2025 BC Sapphire hobby*2+ BC hobby*2 mixer,棒球⚾️,隨機,隨機-密爾瓦基釀酒人,1300,1300,,,Y,Y,,,,,,,
,Ning-015,AKA黑馬大帥哥,2025 BC Sapphire hobby*2+ BC hobby*2 mixer,棒球⚾️,隨機,隨機-聖路易紅雀,1300,1300,,,Y,Y,,,,,,,
,Ning-015,超吉厲害,2025 BC Sapphire hobby*2+ BC hobby*2 mixer,棒球⚾️,隨機,隨機-奧克蘭運動家,1300,1300,,,Y,Y,,,,,,,
,Ning-015,Alex一族,2025 BC Sapphire hobby*2+ BC hobby*2 mixer,棒球⚾️,隨機,隨機-多倫多藍鳥,1300,1300,,,Y,Y,,,,,,,
,Ning-015,Allen,2025 BC Sapphire hobby*2+ BC hobby*2 mixer,棒球⚾️,隨機,隨機-辛辛那提紅人,1300,1300,,,Y,Y,,,,,,,
,Ning-015,John,2025 BC Sapphire hobby*2+ BC hobby*2 mixer,棒球⚾️,隨機,隨機-亞特蘭大勇士,1300,1300,,,Y,Y,,,,,,,
,Ning-015,KK,2025 BC Sapphire hobby*2+ BC hobby*2 mixer,棒球⚾️,隨機,隨機-紐約大都會,1300,1300,,,Y,Y,,,,,,,
,Ning-015,Mark,2025 BC Sapphire hobby*2+ BC hobby*2 mixer,棒球⚾️,隨機,隨機-巴爾的摩金鶯,1300,1300,,,Y,Y,,,,,,,
,Ning-015,Mmmmmmmmm,2025 BC Sapphire hobby*2+ BC hobby*2 mixer,棒球⚾️,隨機,隨機-波士頓紅襪,1300,1300,,,Y,Y,,,,,,,
,Ning-015,OA李柏,2025 BC Sapphire hobby*2+ BC hobby*2 mixer,棒球⚾️,隨機,"隨機-邁阿密馬林魚
隨機-芝加哥白襪
隨機-亞利桑那響尾蛇",3900,3900,,,Y,Y,,,,,,,
,Ning-015,Orz,2025 BC Sapphire hobby*2+ BC hobby*2 mixer,棒球⚾️,隨機,"隨機-芝加哥小熊
隨機-洛杉磯天使",2600,2600,,,Y,Y,,,,,,,
,Ning-015,STH89,2025 BC Sapphire hobby*2+ BC hobby*2 mixer,棒球⚾️,隨機,隨機-紐約洋基,1300,1300,,,Y,Y,,,,,,,
,Ning-015,Trevor,2025 BC Sapphire hobby*2+ BC hobby*2 mixer,棒球⚾️,隨機,隨機-匹茲堡海盜,1300,1300,,,Y,Y,,,,,,,
,Ning-015,Ty,2025 BC Sapphire hobby*2+ BC hobby*2 mixer,棒球⚾️,隨機,隨機-坦帕光芒,1300,1300,,,Y,Y,,,,,,,
,Ning-016,Tatis7,2025 Topps Update Baseball hobby case(上團),棒球⚾️,隨機,"隨機-紐約洋基
隨機-奧克蘭運動家",1500,1500,,,Y,Y,,,,,,,
,Ning-016,Tatis7,2025 Topps Update Baseball hobby case(下團),棒球⚾️,隨機,"隨機-費城費城人
隨機-邁阿密馬林魚",1500,1500,,,Y,Y,,,,,,,
,Ning-016,小P,2025 Topps Update Baseball hobby case(上團),棒球⚾️,隨機,隨機-西雅圖水手,750,750,,,Y,Y,,,,,,,
,Ning-016,小P,2025 Topps Update Baseball hobby case(下團),棒球⚾️,隨機,隨機-亞利桑那響尾蛇,750,750,,,Y,Y,,,,,,,
,Ning-016,木南可可,2025 Topps Update Baseball hobby case(上團),棒球⚾️,隨機,隨機-多倫多藍鳥,750,750,,,Y,Y,,,,,,,
,Ning-016,木南可可,2025 Topps Update Baseball hobby case(下團),棒球⚾️,隨機,隨機-聖路易紅雀,750,750,,,Y,Y,,,,,,,
,Ning-016,肚肚餓餓的,2025 Topps Update Baseball hobby case(下團),棒球⚾️,隨機,隨機-芝加哥小熊,800,800,,,Y,Y,,,,,,,
,Ning-016,勇君,2025 Topps Update Baseball hobby case(上團),棒球⚾️,隨機,隨機-亞利桑那響尾蛇,800,800,,,Y,Y,,,,,,,
,Ning-016,查岱樓,2025 Topps Update Baseball hobby case(上團),棒球⚾️,隨機,隨機-芝加哥小熊,750,750,,,Y,Y,,,,,,,
,Ning-016,查岱樓,2025 Topps Update Baseball hobby case(下團),棒球⚾️,隨機,隨機-辛辛那提紅人,750,750,,,Y,Y,,,,,,,
,Ning-016,馬,2025 Topps Update Baseball hobby case(上團),棒球⚾️,隨機,隨機-明尼蘇達雙城,750,750,,,Y,Y,,,,,,,
,Ning-016,馬,2025 Topps Update Baseball hobby case(下團),棒球⚾️,隨機,隨機-洛杉磯天使,750,750,,,Y,Y,,,,,,,
,Ning-016,透明馬克杯,2025 Topps Update Baseball hobby case(上團),棒球⚾️,隨機,"隨機-亞特蘭大勇士
隨機-邁阿密馬林魚
隨機-休士頓太空人",2250,2250,,,Y,Y,,,,,,,
,Ning-016,透明馬克杯,2025 Topps Update Baseball hobby case(下團),棒球⚾️,隨機,"隨機-休士頓太空人
隨機-波士頓紅襪
隨機-紐約大都會",2250,2250,,,Y,Y,,,,,,,
,Ning-016,超吉大麥克,2025 Topps Update Baseball hobby case(上團),棒球⚾️,隨機,"隨機-克里夫蘭守護者
隨機-洛杉磯道奇",1500,1500,,,Y,Y,,,,,,,
,Ning-016,超吉大麥克,2025 Topps Update Baseball hobby case(下團),棒球⚾️,隨機,"隨機-密爾瓦基釀酒人
隨機-巴爾的摩金鶯",1500,1500,,,Y,Y,,,,,,,
,Ning-016,臘腸,2025 Topps Update Baseball hobby case(上團),棒球⚾️,隨機,隨機-密爾瓦基釀酒人,750,750,,,Y,Y,,,,,,,
,Ning-016,臘腸,2025 Topps Update Baseball hobby case(下團),棒球⚾️,隨機,隨機-舊金山巨人,750,750,,,Y,Y,,,,,,,
,Ning-016,AKA黑馬大帥哥,2025 Topps Update Baseball hobby case(上團),棒球⚾️,隨機,隨機-紐約大都會,750,750,,,Y,Y,,,,,,,
,Ning-016,AKA黑馬大帥哥,2025 Topps Update Baseball hobby case(下團),棒球⚾️,隨機,隨機-洛杉磯道奇,750,750,,,Y,Y,,,,,,,
,Ning-016,超吉厲害,2025 Topps Update Baseball hobby case(上團),棒球⚾️,隨機,隨機-洛杉磯天使,750,750,,,Y,Y,,,,,,,
,Ning-016,超吉厲害,2025 Topps Update Baseball hobby case(下團),棒球⚾️,隨機,隨機-底特律老虎,750,750,,,Y,Y,,,,,,,
,Ning-016,Allen,2025 Topps Update Baseball hobby case(上團),棒球⚾️,隨機,隨機-坦帕光芒,750,750,,,Y,Y,,,,,,,
,Ning-016,Allen,2025 Topps Update Baseball hobby case(下團),棒球⚾️,隨機,隨機-多倫多藍鳥,750,750,,,Y,Y,,,,,,,
,Ning-016,benbenben,2025 Topps Update Baseball hobby case(上團),棒球⚾️,隨機,"隨機-費城費城人
隨機-芝加哥白襪",1500,1500,,,Y,Y,,,,,,,
,Ning-016,CA,2025 Topps Update Baseball hobby case(上團),棒球⚾️,隨機,隨機-底特律老虎,750,750,,,Y,Y,,,,,,,
,Ning-016,CA,2025 Topps Update Baseball hobby case(下團),棒球⚾️,隨機,隨機-華盛頓國民,750,750,,,Y,Y,,,,,,,
,Ning-016,CC,2025 Topps Update Baseball hobby case(上團),棒球⚾️,隨機,隨機-克羅拉多落磯,750,750,,,Y,Y,,,,,,,
,Ning-016,CC,2025 Topps Update Baseball hobby case(下團),棒球⚾️,隨機,隨機-德州遊騎兵,750,750,,,Y,Y,,,,,,,
,Ning-016,ELV,2025 Topps Update Baseball hobby case(上團),棒球⚾️,隨機,隨機-辛辛那提紅人,750,750,,,Y,Y,,,,,,,
,Ning-016,ELV,2025 Topps Update Baseball hobby case(下團),棒球⚾️,隨機,隨機-聖地牙哥教士,750,750,,,Y,Y,,,,,,,
,Ning-016,EP,2025 Topps Update Baseball hobby case(下團),棒球⚾️,隨機,隨機-芝加哥白襪,800,800,,,Y,Y,,,,,,,
,Ning-016,eric.k,2025 Topps Update Baseball hobby case(上團),棒球⚾️,隨機,隨機-聖地牙哥教士,750,750,,,Y,Y,,,,,,,
,Ning-016,eric.k,2025 Topps Update Baseball hobby case(下團),棒球⚾️,隨機,隨機-明尼蘇達雙城,750,750,,,Y,Y,,,,,,,
,Ning-016,Few,2025 Topps Update Baseball hobby case(上團),棒球⚾️,隨機,隨機-舊金山巨人,750,750,,,Y,Y,,,,,,,
,Ning-016,Few,2025 Topps Update Baseball hobby case(下團),棒球⚾️,隨機,隨機-坦帕光芒,750,750,,,Y,Y,,,,,,,
,Ning-016,KAGU_CARDS,2025 Topps Update Baseball hobby case(上團),棒球⚾️,隨機,隨機-德州遊騎兵,750,750,,,Y,Y,,,,,,,
,Ning-016,KAGU_CARDS,2025 Topps Update Baseball hobby case(下團),棒球⚾️,隨機,隨機-紐約洋基,750,750,,,Y,Y,,,,,,,
,Ning-016,KK,2025 Topps Update Baseball hobby case(上團),棒球⚾️,隨機,隨機-堪薩斯市皇家,750,750,,,Y,Y,,,,,,,
,Ning-016,KK,2025 Topps Update Baseball hobby case(下團),棒球⚾️,隨機,隨機-克里夫蘭守護者,750,750,,,Y,Y,,,,,,,
,Ning-016,MIXER,2025 Topps Update Baseball hobby case(上團),棒球⚾️,隨機,隨機-華盛頓國民,750,750,,,Y,Y,,,,,,,
,Ning-016,MIXER,2025 Topps Update Baseball hobby case(下團),棒球⚾️,隨機,隨機-亞特蘭大勇士,750,750,,,Y,Y,,,,,,,
,Ning-016,Mmmmmmmmm,2025 Topps Update Baseball hobby case(上團),棒球⚾️,隨機,隨機-聖路易紅雀,750,750,,,Y,Y,,,,,,,
,Ning-016,Mmmmmmmmm,2025 Topps Update Baseball hobby case(下團),棒球⚾️,隨機,隨機-西雅圖水手,750,750,,,Y,Y,,,,,,,
,Ning-016,Nova,2025 Topps Update Baseball hobby case(上團),棒球⚾️,隨機,隨機-波士頓紅襪,800,800,,,Y,Y,,,,,,,
,Ning-016,Orz,2025 Topps Update Baseball hobby case(上團),棒球⚾️,隨機,隨機-巴爾的摩金鶯,750,750,,,Y,Y,,,,,,,
,Ning-016,Orz,2025 Topps Update Baseball hobby case(下團),棒球⚾️,隨機,隨機-奧克蘭運動家,750,750,,,Y,Y,,,,,,,
,Ning-016,Shan,2025 Topps Update Baseball hobby case(下團),棒球⚾️,隨機,隨機-堪薩斯市皇家,800,800,,,Y,Y,,,,,,,
,Ning-016,STH89,2025 Topps Update Baseball hobby case(上團),棒球⚾️,隨機,隨機-匹茲堡海盜,750,750,,,Y,Y,,,,,,,
,Ning-016,STH89,2025 Topps Update Baseball hobby case(下團),棒球⚾️,隨機,隨機-匹茲堡海盜,750,750,,,Y,Y,,,,,,,
,Ning-016,Trevor,2025 Topps Update Baseball hobby case(下團),棒球⚾️,隨機,隨機-克羅拉多落磯,800,800,,,Y,Y,,,,,,,
,Ning-017,小皮球,2024 Topps Chrome Update mega case,棒球⚾️,隨機,隨機-奧克蘭運動家,2450,2450,,,Y,Y,,,,,,,
,Ning-017,小P,2024 Topps Chrome Update mega case,棒球⚾️,隨機,隨機-舊金山巨人,2450,2450,,,Y,Y,,,,,,,
,Ning-017,中大獎,2024 Topps Chrome Update mega case,棒球⚾️,隨機,隨機-紐約洋基,2450,2450,,,Y,Y,,,,,,,
,Ning-017,村民,2024 Topps Chrome Update mega case,棒球⚾️,隨機,隨機-洛杉磯道奇,2450,2450,,,Y,Y,,,,,,,
,Ning-017,谷惑仔,2024 Topps Chrome Update mega case,棒球⚾️,隨機,隨機-亞利桑那響尾蛇,2450,2450,,,Y,Y,,,,,,,
,Ning-017,辰小胖,2024 Topps Chrome Update mega case,棒球⚾️,隨機,隨機-費城費城人,2450,2450,,,Y,Y,,,,,,,
,Ning-017,查理,2024 Topps Chrome Update mega case,棒球⚾️,隨機,隨機-德州遊騎兵,2450,2450,,,Y,Y,,,,,,,
,Ning-017,容,2024 Topps Chrome Update mega case,棒球⚾️,隨機,隨機-堪薩斯市皇家,2450,2450,,,Y,Y,,,,,,,
,Ning-017,透明馬克杯,2024 Topps Chrome Update mega case,棒球⚾️,隨機,隨機-華盛頓國民,2450,2450,,,Y,Y,,,,,,,
,Ning-017,預計歐洲旅遊中,2024 Topps Chrome Update mega case,棒球⚾️,隨機,隨機-匹茲堡海盜,2450,2450,,,Y,Y,,,,,,,
,Ning-017,超吉大麥克,2024 Topps Chrome Update mega case,棒球⚾️,隨機,隨機-巴爾的摩金鶯,2450,2450,,,Y,Y,,,,,,,
,Ning-017,歐陽鋒,2024 Topps Chrome Update mega case,棒球⚾️,隨機,隨機-克羅拉多落磯,2450,2450,,,Y,Y,,,,,,,
,Ning-017,臘腸,2024 Topps Chrome Update mega case,棒球⚾️,隨機,隨機-聖路易紅雀,2450,2450,,,Y,Y,,,,,,,
,Ning-017,超吉厲害,2024 Topps Chrome Update mega case,棒球⚾️,隨機,隨機-克里夫蘭守護者,2450,2450,,,Y,Y,,,,,,,
,Ning-017,Allen,2024 Topps Chrome Update mega case,棒球⚾️,隨機,隨機-亞特蘭大勇士,2450,2450,,,Y,Y,,,,,,,
,Ning-017,Archi,2024 Topps Chrome Update mega case,棒球⚾️,隨機,隨機-密爾瓦基釀酒人,2450,2450,,,Y,Y,,,,,,,
,Ning-017,ArYuan阿元,2024 Topps Chrome Update mega case,棒球⚾️,隨機,隨機-坦帕光芒,2450,2450,,,Y,Y,,,,,,,
,Ning-017,calvin,2024 Topps Chrome Update mega case,棒球⚾️,隨機,隨機-芝加哥白襪,2450,2450,,,Y,Y,,,,,,,
,Ning-017,KAGU_CARDS,2024 Topps Chrome Update mega case,棒球⚾️,隨機,隨機-洛杉磯天使,2450,2450,,,Y,Y,,,,,,,
,Ning-017,KK,2024 Topps Chrome Update mega case,棒球⚾️,隨機,隨機-波士頓紅襪,2450,2450,,,Y,Y,,,,,,,
,Ning-017,Leo,2024 Topps Chrome Update mega case,棒球⚾️,隨機,隨機-休士頓太空人,2450,2450,,,Y,Y,,,,,,,
,Ning-017,MIXER,2024 Topps Chrome Update mega case,棒球⚾️,隨機,隨機-聖地牙哥教士,2450,2450,,,Y,Y,,,,,,,
,Ning-017,Mmmmmmmmm,2024 Topps Chrome Update mega case,棒球⚾️,隨機,隨機-紐約大都會,2450,2450,,,Y,Y,,,,,,,
,Ning-017,Ning,2024 Topps Chrome Update mega case,棒球⚾️,隨機,隨機-西雅圖水手,2450,2450,,,Y,Y,,,,,,,
,Ning-017,OA李柏,2024 Topps Chrome Update mega case,棒球⚾️,隨機,隨機-邁阿密馬林魚,2450,2450,,,Y,Y,,,,,,,
,Ning-017,Orz,2024 Topps Chrome Update mega case,棒球⚾️,隨機,隨機-芝加哥小熊,2450,2450,,,Y,Y,,,,,,,
,Ning-017,Sky,2024 Topps Chrome Update mega case,棒球⚾️,隨機,隨機-多倫多藍鳥,2450,2450,,,Y,Y,,,,,,,
,Ning-017,STH89,2024 Topps Chrome Update mega case,棒球⚾️,隨機,隨機-辛辛那提紅人,2450,2450,,,Y,Y,,,,,,,
,Ning-017,Ty,2024 Topps Chrome Update mega case,棒球⚾️,隨機,隨機-明尼蘇達雙城,2450,2450,,,Y,Y,,,,,,,
,Ning-017,WON,2024 Topps Chrome Update mega case,棒球⚾️,隨機,隨機-底特律老虎,2450,2450,,,Y,Y,,,,,,,
,Ning-018,537,2025 Topps update baseball jumbo*2 +hobby*4 mixer,棒球⚾️,買隊（PYT),費城費城人,400,400,,,Y,Y,,,,,,,
,Ning-018,Arvin,2025 Topps update baseball jumbo*2 +hobby*4 mixer,棒球⚾️,買隊（PYT),聖路易紅雀,500,500,,,Y,Y,,,,,,,
,Ning-018,Edgar,2025 Topps update baseball jumbo*2 +hobby*4 mixer,棒球⚾️,買隊（PYT),"西雅圖水手, 亞利桑那響尾蛇",1500,1500,,,Y,Y,,,,,,,
,Ning-018,Few,2025 Topps update baseball jumbo*2 +hobby*4 mixer,棒球⚾️,買隊（PYT),"邁阿密馬林魚, 克里夫蘭守護者, 芝加哥白襪",1100,1100,,,Y,Y,,,,,,,
,Ning-018,HudsonH,2025 Topps update baseball jumbo*2 +hobby*4 mixer,棒球⚾️,買隊（PYT),密爾瓦基釀酒人,700,700,,,Y,Y,,,,,,,
,Ning-018,KAGU_CARDS,2025 Topps update baseball jumbo*2 +hobby*4 mixer,棒球⚾️,買隊（PYT),克羅拉多落磯,400,400,,,Y,Y,,,,,,,
,Ning-018,L34F,2025 Topps update baseball jumbo*2 +hobby*4 mixer,棒球⚾️,買隊（PYT),舊金山巨人,400,400,,,Y,Y,,,,,,,
,Ning-018,Mark,2025 Topps update baseball jumbo*2 +hobby*4 mixer,棒球⚾️,買隊（PYT),辛辛那提紅人,500,500,,,Y,Y,,,,,,,
,Ning-018,Nickpanda,2025 Topps update baseball jumbo*2 +hobby*4 mixer,棒球⚾️,買隊（PYT),巴爾的摩金鶯,600,600,,,Y,Y,,,,,,,
,Ning-018,Yo,2025 Topps update baseball jumbo*2 +hobby*4 mixer,棒球⚾️,買隊（PYT),洛杉磯天使,500,500,,,Y,Y,,,,,,,
,Ning-018,中大獎,2025 Topps update baseball jumbo*2 +hobby*4 mixer,棒球⚾️,買隊（PYT),明尼蘇達雙城,900,900,,,Y,Y,,,,,,,
,Ning-018,容,2025 Topps update baseball jumbo*2 +hobby*4 mixer,棒球⚾️,買隊（PYT),聖地牙哥教士,500,500,,,Y,Y,,,,,,,
,Ning-018,查理,2025 Topps update baseball jumbo*2 +hobby*4 mixer,棒球⚾️,買隊（PYT),芝加哥小熊,1500,1500,,,Y,Y,,,,,,,
,Ning-018,超吉大麥克,2025 Topps update baseball jumbo*2 +hobby*4 mixer,棒球⚾️,買隊（PYT),"底特律老虎, 休士頓太空人",1900,1900,,,Y,Y,,,,,,,
,Ning-018,波士頓太陽隊,2025 Topps update baseball jumbo*2 +hobby*4 mixer,棒球⚾️,買隊（PYT),德州遊騎兵,600,600,,,Y,Y,,,,,,,
,Ning-018,臘腸,2025 Topps update baseball jumbo*2 +hobby*4 mixer,棒球⚾️,買隊（PYT),紐約大都會,800,800,,,Y,Y,,,,,,,
,Ning-018,谷惑仔,2025 Topps update baseball jumbo*2 +hobby*4 mixer,棒球⚾️,買隊（PYT),"奧克蘭運動家, 華盛頓國民",5400,5400,,,Y,Y,,,,,,,
,Ning-018,透明馬克杯,2025 Topps update baseball jumbo*2 +hobby*4 mixer,棒球⚾️,買隊（PYT),"洛杉磯道奇, 紐約洋基, 波士頓紅襪, 匹茲堡海盜, 亞特蘭大勇士, 坦帕光芒, 多倫多藍鳥",11200,11200,,,Y,Y,,,,,,,
,Ning-018,小P,2025 Topps update baseball jumbo*2 +hobby*4 mixer,棒球⚾️,買隊（PYT),堪薩斯市皇家,600,600,,,Y,Y,,,,,,,
,Ning-019,查理,2024 bowman draft hobby jumbo box*1 +2025 Topps update jumbo box*1 mixer,棒球⚾️,隨機,"隨機-波士頓紅襪
隨機-聖路易紅雀",2000,2000,,,Y,Y,,,,,,,
,Ning-019,臘腸,2024 bowman draft hobby jumbo box*1 +2025 Topps update jumbo box*1 mixer,棒球⚾️,隨機,隨機-西雅圖水手,1100,1100,,,Y,Y,,,,,,,
,Ning-019,台中劉德華,2024 bowman draft hobby jumbo box*1 +2025 Topps update jumbo box*1 mixer,棒球⚾️,隨機,"隨機-洛杉磯天使
隨機-克里夫蘭守護者",2100,2100,,,Y,N,,,,,,,
,Ning-019,龍井伍佰,2024 bowman draft hobby jumbo box*1 +2025 Topps update jumbo box*1 mixer,棒球⚾️,隨機,隨機-芝加哥小熊,1100,1100,,,Y,Y,,,,,,,
,Ning-019,透明馬克杯,2024 bowman draft hobby jumbo box*1 +2025 Topps update jumbo box*1 mixer,棒球⚾️,隨機,"隨機-休士頓太空人
隨機-費城費城人",2100,2100,,,Y,Y,,,,,,,
,Ning-019,AAC1788,2024 bowman draft hobby jumbo box*1 +2025 Topps update jumbo box*1 mixer,棒球⚾️,隨機,"隨機-紐約大都會
隨機-聖地牙哥教士",2100,2100,,,Y,Y,,,,,,,
,Ning-019,預計歐洲旅遊中,2024 bowman draft hobby jumbo box*1 +2025 Topps update jumbo box*1 mixer,棒球⚾️,隨機,隨機-密爾瓦基釀酒人,1100,1100,,,Y,Y,,,,,,,
,Ning-019,CC,2024 bowman draft hobby jumbo box*1 +2025 Topps update jumbo box*1 mixer,棒球⚾️,隨機,"隨機-巴爾的摩金鶯
隨機-辛辛那提紅人",2100,2100,,,Y,Y,,,,,,,
,Ning-019,迷途小卡奴,2024 bowman draft hobby jumbo box*1 +2025 Topps update jumbo box*1 mixer,棒球⚾️,隨機,"隨機-洛杉磯道奇
隨機-奧克蘭運動家",2100,2100,,,Y,Y,,,,,,,
,Ning-019,木南可可,2024 bowman draft hobby jumbo box*1 +2025 Topps update jumbo box*1 mixer,棒球⚾️,隨機,"隨機-亞利桑那響尾蛇
隨機-坦帕光芒",2100,2100,,,Y,Y,,,,,,,
,Ning-019,歐陽鋒,2024 bowman draft hobby jumbo box*1 +2025 Topps update jumbo box*1 mixer,棒球⚾️,隨機,隨機-舊金山巨人,1100,1100,,,Y,Y,,,,,,,
,Ning-019,HudsonH,2024 bowman draft hobby jumbo box*1 +2025 Topps update jumbo box*1 mixer,棒球⚾️,隨機,"隨機-華盛頓國民
隨機-明尼蘇達雙城",2100,2100,,,Y,Y,,,,,,,
,Ning-019,STH89,2024 bowman draft hobby jumbo box*1 +2025 Topps update jumbo box*1 mixer,棒球⚾️,隨機,隨機-匹茲堡海盜,1100,1100,,,Y,Y,,,,,,,
,Ning-019,阿展,2024 bowman draft hobby jumbo box*1 +2025 Topps update jumbo box*1 mixer,棒球⚾️,隨機,隨機-堪薩斯市皇家,1100,1100,,,Y,Y,,,,,,,
,Ning-019,小P,2024 bowman draft hobby jumbo box*1 +2025 Topps update jumbo box*1 mixer,棒球⚾️,隨機,隨機-芝加哥白襪,1100,1100,,,Y,Y,,,,,,,
,Ning-019,Orz,2024 bowman draft hobby jumbo box*1 +2025 Topps update jumbo box*1 mixer,棒球⚾️,隨機,"隨機-邁阿密馬林魚
隨機-亞特蘭大勇士",2100,2100,,,Y,Y,,,,,,,
,Ning-019,MIXER,2024 bowman draft hobby jumbo box*1 +2025 Topps update jumbo box*1 mixer,棒球⚾️,隨機,隨機-多倫多藍鳥,1100,1100,,,Y,Y,,,,,,,
,Ning-019,C.Howard,2024 bowman draft hobby jumbo box*1 +2025 Topps update jumbo box*1 mixer,棒球⚾️,隨機,"隨機-德州遊騎兵
隨機-紐約洋基",2100,2100,,,Y,Y,,,,,,,
,Ning-019,Archi,2024 bowman draft hobby jumbo box*1 +2025 Topps update jumbo box*1 mixer,棒球⚾️,隨機,隨機-底特律老虎,1100,1100,,,Y,Y,,,,,,,
,Ning-019,超吉厲害,2024 bowman draft hobby jumbo box*1 +2025 Topps update jumbo box*1 mixer,棒球⚾️,隨機,隨機-克羅拉多落磯,1100,1100,,,Y,Y,,,,,,,
,Ning-020,超吉厲害,2024 bowman draft hobby jumbo *1 + 2025 bowman hobby box*1 mixer,棒球⚾️,隨機,隨機-休士頓太空人,1200,1200,,,Y,Y,,,,,,,
,Ning-020,羔羊,2024 bowman draft hobby jumbo *1 + 2025 bowman hobby box*1 mixer,棒球⚾️,隨機,"隨機-奧克蘭運動家
隨機-堪薩斯市皇家",2300,2300,,,Y,Y,,,,,,,
,Ning-020,谷惑仔,2024 bowman draft hobby jumbo *1 + 2025 bowman hobby box*1 mixer,棒球⚾️,隨機,"隨機-華盛頓國民
隨機-聖路易紅雀",2300,2300,,,Y,Y,,,,,,,
,Ning-020,透明馬克杯,2024 bowman draft hobby jumbo *1 + 2025 bowman hobby box*1 mixer,棒球⚾️,隨機,"隨機-克里夫蘭守護者
隨機-紐約大都會",2300,2300,,,Y,Y,,,,,,,
,Ning-020,HudsonH,2024 bowman draft hobby jumbo *1 + 2025 bowman hobby box*1 mixer,棒球⚾️,隨機,"隨機-辛辛那提紅人
隨機-匹茲堡海盜",2300,2300,,,Y,Y,,,,,,,
,Ning-020,EP,2024 bowman draft hobby jumbo *1 + 2025 bowman hobby box*1 mixer,棒球⚾️,隨機,隨機-芝加哥白襪,1200,1200,,,Y,Y,,,,,,,
,Ning-020,道奇日籍帝國,2024 bowman draft hobby jumbo *1 + 2025 bowman hobby box*1 mixer,棒球⚾️,隨機,"隨機-西雅圖水手
隨機-費城費城人",2300,2300,,,Y,Y,,,,,,,
,Ning-020,阿展,2024 bowman draft hobby jumbo *1 + 2025 bowman hobby box*1 mixer,棒球⚾️,隨機,"隨機-德州遊騎兵
隨機-紐約洋基",2300,2300,,,Y,Y,,,,,,,
,Ning-020,迷途小卡奴,2024 bowman draft hobby jumbo *1 + 2025 bowman hobby box*1 mixer,棒球⚾️,隨機,隨機-多倫多藍鳥,1200,1200,,,Y,Y,,,,,,,
,Ning-020,馬,2024 bowman draft hobby jumbo *1 + 2025 bowman hobby box*1 mixer,棒球⚾️,隨機,"隨機-聖地牙哥教士
隨機-巴爾的摩金鶯",2300,0,,,Y,Y,,,,,,,
,Ning-020,中大獎,2024 bowman draft hobby jumbo *1 + 2025 bowman hobby box*1 mixer,棒球⚾️,隨機,隨機-密爾瓦基釀酒人,1200,1200,,,Y,Y,,,,,,,
,Ning-020,MIXER,2024 bowman draft hobby jumbo *1 + 2025 bowman hobby box*1 mixer,棒球⚾️,隨機,隨機-舊金山巨人,1200,1200,,,Y,Y,,,,,,,
,Ning-020,Few,2024 bowman draft hobby jumbo *1 + 2025 bowman hobby box*1 mixer,棒球⚾️,隨機,隨機-波士頓紅襪,1200,1200,,,Y,Y,,,,,,,
,Ning-020,Allen,2024 bowman draft hobby jumbo *1 + 2025 bowman hobby box*1 mixer,棒球⚾️,隨機,隨機-洛杉磯道奇,1200,1200,,,Y,Y,,,,,,,
,Ning-020,AKA黑馬大帥哥,2024 bowman draft hobby jumbo *1 + 2025 bowman hobby box*1 mixer,棒球⚾️,隨機,隨機-底特律老虎,1200,1200,,,Y,Y,,,,,,,
,Ning-020,辰小胖,2024 bowman draft hobby jumbo *1 + 2025 bowman hobby box*1 mixer,棒球⚾️,隨機,"隨機-洛杉磯天使
隨機-芝加哥小熊",2300,2300,,,Y,Y,,,,,,,
,Ning-020,Tatis7,2024 bowman draft hobby jumbo *1 + 2025 bowman hobby box*1 mixer,棒球⚾️,隨機,"隨機-坦帕光芒
隨機-明尼蘇達雙城",2300,2300,,,Y,Y,,,,,,,
,Ning-020,Joe Tseng,2024 bowman draft hobby jumbo *1 + 2025 bowman hobby box*1 mixer,棒球⚾️,隨機,隨機-亞特蘭大勇士,1200,1200,,,Y,Y,,,,,,,
,Ning-020,Alex一族,2024 bowman draft hobby jumbo *1 + 2025 bowman hobby box*1 mixer,棒球⚾️,隨機,隨機-亞利桑那響尾蛇,1200,1200,,,Y,Y,,,,,,,
,Ning-020,臘腸,2024 bowman draft hobby jumbo *1 + 2025 bowman hobby box*1 mixer,棒球⚾️,隨機,隨機-克羅拉多落磯,1200,1200,,,Y,Y,,,,,,,
,Ning-020,Mark,2024 bowman draft hobby jumbo *1 + 2025 bowman hobby box*1 mixer,棒球⚾️,隨機,隨機-邁阿密馬林魚,1200,1200,,,Y,Y,,,,,,,
,Ning-021,超吉大麥克,2025 TCU hobby*6+jumbo*2 mixer（下）,棒球⚾️,隨機,"隨機-西雅圖水手
隨機-聖路易紅雀",3200,3200,,,Y,Y,,,,,,,
,Ning-021,透明馬克杯,2025 TCU hobby*6+jumbo*2 mixer（下）,棒球⚾️,隨機,"隨機-洛杉磯道奇
隨機-芝加哥小熊
隨機-聖地牙哥教士",4800,4800,,,Y,Y,,,,,,,
,Ning-021,CC,2025 TCU hobby*6+jumbo*2 mixer（下）,棒球⚾️,隨機,"隨機-德州遊騎兵
隨機-紐約洋基",3200,3200,,,Y,Y,,,,,,,
,Ning-021,AAC1788,2025 TCU hobby*6+jumbo*2 mixer（下）,棒球⚾️,隨機,"隨機-奧克蘭運動家
隨機-辛辛那提紅人",3200,3200,,,Y,Y,,,,,,,
,Ning-021,中大獎,2025 TCU hobby*6+jumbo*2 mixer（下）,棒球⚾️,隨機,隨機-洛杉磯天使,1600,1600,,,Y,Y,,,,,,,
,Ning-021,迷途小卡奴,2025 TCU hobby*6+jumbo*2 mixer（下）,棒球⚾️,隨機,隨機-芝加哥白襪,3200,3200,,,Y,Y,,,,,,,
,Ning-021,超吉-Packer,2025 TCU hobby*6+jumbo*2 mixer（下）,棒球⚾️,隨機,隨機-坦帕光芒,1600,1600,,,Y,Y,,,,,,,
,Ning-021,Trevor,2025 TCU hobby*6+jumbo*2 mixer（下）,棒球⚾️,隨機,隨機-明尼蘇達雙城,1650,1650,,,Y,Y,,,,,,,
,Ning-021,臘腸,2025 TCU hobby*6+jumbo*2 mixer（下）,棒球⚾️,隨機,隨機-亞特蘭大勇士,1600,1600,,,Y,Y,,,,,,,
,Ning-021,谷惑仔,2025 TCU hobby*6+jumbo*2 mixer（下）,棒球⚾️,隨機,隨機-底特律老虎,1600,1600,,,Y,Y,,,,,,,
,Ning-021,Auto 1of1,2025 TCU hobby*6+jumbo*2 mixer（下）,棒球⚾️,隨機,隨機-堪薩斯市皇家,1650,1650,,,Y,Y,,,,,,,
,Ning-021,韋恩,2025 TCU hobby*6+jumbo*2 mixer（下）,棒球⚾️,隨機,隨機-休士頓太空人,1650,1650,,,Y,Y,,,,,,,
,Ning-021,STH89,2025 TCU hobby*6+jumbo*2 mixer（下）,棒球⚾️,隨機,隨機-克羅拉多落磯,1600,1600,,,Y,Y,,,,,,,
,Ning-021,馬,2025 TCU hobby*6+jumbo*2 mixer（下）,棒球⚾️,隨機,隨機-克里夫蘭守護者,1600,1600,,,Y,Y,,,,,,,
,Ning-021,HudsonH,2025 TCU hobby*6+jumbo*2 mixer（下）,棒球⚾️,隨機,隨機-匹茲堡海盜,1600,1600,,,Y,Y,,,,,,,
,Ning-021,歐陽鋒,2025 TCU hobby*6+jumbo*2 mixer（下）,棒球⚾️,隨機,隨機-巴爾的摩金鶯,1600,1600,,,Y,Y,,,,,,,
,Ning-021,木南可可,2025 TCU hobby*6+jumbo*2 mixer（下）,棒球⚾️,隨機,隨機-多倫多藍鳥,1600,1600,,,Y,Y,,,,,,,
,Ning-021,John,2025 TCU hobby*6+jumbo*2 mixer（下）,棒球⚾️,隨機,隨機-邁阿密馬林魚,1600,1600,,,Y,Y,,,,,,,
,Ning-021,隨風幻想,2025 TCU hobby*6+jumbo*2 mixer（下）,棒球⚾️,隨機,"隨機-密爾瓦基釀酒人
隨機-波士頓紅襪",3200,3200,,,Y,Y,,,,,,,
,Ning-021,EP,2025 TCU hobby*6+jumbo*2 mixer（下）,棒球⚾️,隨機,隨機-舊金山巨人,1650,1650,,,Y,Y,,,,,,,
,Ning-021,菜園仔,2025 TCU hobby*6+jumbo*2 mixer（下）,棒球⚾️,隨機,隨機-費城費城人,1600,1600,,,Y,Y,,,,,,,
,Ning-021,ALEX一族,2025 TCU hobby*6+jumbo*2 mixer（下）,棒球⚾️,隨機,隨機-紐約大都會,1600,1600,,,Y,Y,,,,,,,
,Ning-021,道奇日籍帝國,2025 TCU hobby*6+jumbo*2 mixer（下）,棒球⚾️,隨機,隨機-亞利桑那響尾蛇,1600,1600,,,Y,Y,,,,,,,
,Ning-021,超吉大麥克,2025 TCU hobby*6+jumbo*2 mixer（上）,棒球⚾️,隨機,"隨機-巴爾的摩金鶯
隨機-紐約大都會",3200,3200,,,Y,Y,,,,,,,
,Ning-021,透明馬克杯,2025 TCU hobby*6+jumbo*2 mixer（上）,棒球⚾️,隨機,"隨機-波士頓紅襪
隨機-西雅圖水手
隨機-聖路易紅雀",4800,4800,,,Y,Y,,,,,,,
,Ning-021,Derick,2025 TCU hobby*6+jumbo*2 mixer（上）,棒球⚾️,隨機,隨機-芝加哥白襪,1650,1650,,,Y,Y,,,,,,,
,Ning-021,AAC1788,2025 TCU hobby*6+jumbo*2 mixer（上）,棒球⚾️,隨機,"隨機-亞利桑那響尾蛇
隨機-克羅拉多落磯",3200,3200,,,Y,Y,,,,,,,
,Ning-021,中大獎,2025 TCU hobby*6+jumbo*2 mixer（上）,棒球⚾️,隨機,隨機-明尼蘇達雙城,1600,1600,,,Y,Y,,,,,,,
,Ning-021,迷途小卡奴,2025 TCU hobby*6+jumbo*2 mixer（上）,棒球⚾️,隨機,"隨機-芝加哥小熊
隨機-亞特蘭大勇士",3200,3200,,,Y,Y,,,,,,,
,Ning-021,Marin,2025 TCU hobby*6+jumbo*2 mixer（上）,棒球⚾️,隨機,隨機-費城費城人,1650,1650,,,Y,Y,,,,,,,
,Ning-021,超吉-Packer,2025 TCU hobby*6+jumbo*2 mixer（上）,棒球⚾️,隨機,隨機-洛杉磯道奇,1600,1600,,,Y,Y,,,,,,,
,Ning-021,Mark,2025 TCU hobby*6+jumbo*2 mixer（上）,棒球⚾️,隨機,隨機-舊金山巨人,1650,1650,,,Y,Y,,,,,,,
,Ning-021,臘腸,2025 TCU hobby*6+jumbo*2 mixer（上）,棒球⚾️,隨機,隨機-德州遊騎兵,1600,1600,,,Y,Y,,,,,,,
,Ning-021,谷惑仔,2025 TCU hobby*6+jumbo*2 mixer（上）,棒球⚾️,隨機,隨機-華盛頓國民,1600,1600,,,Y,Y,,,,,,,
,Ning-021,容,2025 TCU hobby*6+jumbo*2 mixer（上）,棒球⚾️,隨機,隨機-克里夫蘭守護者,1650,1650,,,Y,Y,,,,,,,
,Ning-021,傑森,2025 TCU hobby*6+jumbo*2 mixer（上）,棒球⚾️,隨機,隨機-邁阿密馬林魚,1650,1650,,,Y,Y,,,,,,,
,Ning-021,STH89,2025 TCU hobby*6+jumbo*2 mixer（上）,棒球⚾️,隨機,隨機-洛杉磯天使,1600,1600,,,Y,Y,,,,,,,
,Ning-021,馬,2025 TCU hobby*6+jumbo*2 mixer（上）,棒球⚾️,隨機,隨機-辛辛那提紅人,1600,1600,,,Y,Y,,,,,,,
,Ning-021,HudsonH,2025 TCU hobby*6+jumbo*2 mixer（上）,棒球⚾️,隨機,隨機-紐約洋基,1600,1600,,,Y,Y,,,,,,,
,Ning-021,歐陽鋒,2025 TCU hobby*6+jumbo*2 mixer（上）,棒球⚾️,隨機,隨機-匹茲堡海盜,1600,1600,,,Y,Y,,,,,,,
,Ning-021,木南可可,2025 TCU hobby*6+jumbo*2 mixer（上）,棒球⚾️,隨機,隨機-底特律老虎,1600,1600,,,Y,Y,,,,,,,
,Ning-021,John,2025 TCU hobby*6+jumbo*2 mixer（上）,棒球⚾️,隨機,隨機-堪薩斯市皇家,1600,1600,,,Y,Y,,,,,,,
,Ning-021,隨風幻想,2025 TCU hobby*6+jumbo*2 mixer（上）,棒球⚾️,隨機,"隨機-聖地牙哥教士
隨機-奧克蘭運動家",3200,3200,,,Y,Y,,,,,,,
,Ning-021,韋恩,2025 TCU hobby*6+jumbo*2 mixer（上）,棒球⚾️,隨機,隨機-坦帕光芒,1550,1550,,,Y,Y,,,,,,,
,Ning-021,菜園仔,2025 TCU hobby*6+jumbo*2 mixer（上）,棒球⚾️,隨機,隨機-休士頓太空人,1600,1600,,,Y,Y,,,,,,,
,Ning-021,Alex一族,2025 TCU hobby*6+jumbo*2 mixer（上）,棒球⚾️,隨機,隨機-密爾瓦基釀酒人,1600,1600,,,Y,Y,,,,,,,
,Ning-021,道奇日籍帝國,2025 TCU hobby*6+jumbo*2 mixer（上）,棒球⚾️,隨機,隨機-多倫多藍鳥,1600,1600,,,Y,Y,,,,,,,
,Ning-022,超吉厲害,2025 TCU delight*1+jumbo*2 Mixer,棒球⚾️,隨機,隨機-辛辛那提紅人,1700,1700,,,Y,Y,,,,,,,
,Ning-022,Auto 1of1,2025 TCU delight*1+jumbo*2 Mixer,棒球⚾️,隨機,隨機-紐約大都會,1700,1700,,,Y,Y,,,,,,,
,Ning-022,chenj,2025 TCU delight*1+jumbo*2 Mixer,棒球⚾️,隨機,"隨機-坦帕光芒
隨機-德州遊騎兵",3300,3300,,,Y,Y,,,,,,,
,Ning-022,Derick,2025 TCU delight*1+jumbo*2 Mixer,棒球⚾️,隨機,"隨機-舊金山巨人
隨機-洛杉磯道奇",3300,3300,,,Y,Y,,,,,,,
,Ning-022,Few,2025 TCU delight*1+jumbo*2 Mixer,棒球⚾️,隨機,隨機-多倫多藍鳥,1700,1700,,,Y,Y,,,,,,,
,Ning-022,Joe Tseng,2025 TCU delight*1+jumbo*2 Mixer,棒球⚾️,隨機,"隨機-芝加哥小熊
隨機-紐約洋基",3300,3300,,,Y,Y,,,,,,,
,Ning-022,NickL,2025 TCU delight*1+jumbo*2 Mixer,棒球⚾️,隨機,"隨機-亞利桑那響尾蛇
隨機-波士頓紅襪",3300,3300,,,Y,Y,,,,,,,
,Ning-022,SHUO,2025 TCU delight*1+jumbo*2 Mixer,棒球⚾️,隨機,隨機-聖路易紅雀,1700,1700,,,Y,Y,,,,,,,
,Ning-022,STH89,2025 TCU delight*1+jumbo*2 Mixer,棒球⚾️,隨機,"隨機-奧克蘭運動家
隨機-休士頓太空人",3300,3300,,,Y,Y,,,,,,,
,Ning-022,Tatis7,2025 TCU delight*1+jumbo*2 Mixer,棒球⚾️,隨機,"隨機-華盛頓國民
隨機-西雅圖水手",3300,3300,,,Y,Y,,,,,,,
,Ning-022,Trevor,2025 TCU delight*1+jumbo*2 Mixer,棒球⚾️,隨機,隨機-聖地牙哥教士,1700,1700,,,Y,Y,,,,,,,
,Ning-022,Ty,2025 TCU delight*1+jumbo*2 Mixer,棒球⚾️,隨機,隨機-密爾瓦基釀酒人,1700,1700,,,Y,Y,,,,,,,
,Ning-022,Yo,2025 TCU delight*1+jumbo*2 Mixer,棒球⚾️,隨機,隨機-底特律老虎,1700,1700,,,Y,Y,,,,,,,
,Ning-022,木南可可,2025 TCU delight*1+jumbo*2 Mixer,棒球⚾️,隨機,隨機-明尼蘇達雙城,1700,1700,,,Y,Y,,,,,,,
,Ning-022,谷惑仔,2025 TCU delight*1+jumbo*2 Mixer,棒球⚾️,隨機,"隨機-克羅拉多落磯
隨機-匹茲堡海盜",3300,3300,,,Y,Y,,,,,,,
,Ning-022,查岱樓,2025 TCU delight*1+jumbo*2 Mixer,棒球⚾️,隨機,隨機-芝加哥白襪,1700,1700,,,Y,Y,,,,,,,
,Ning-022,柴犬,2025 TCU delight*1+jumbo*2 Mixer,棒球⚾️,隨機,隨機-費城費城人,1700,1700,,,Y,Y,,,,,,,
,Ning-022,透明馬克杯,2025 TCU delight*1+jumbo*2 Mixer,棒球⚾️,隨機,"隨機-洛杉磯天使
隨機-亞特蘭大勇士",3300,3300,,,Y,Y,,,,,,,
,Ning-022,菜園仔,2025 TCU delight*1+jumbo*2 Mixer,棒球⚾️,隨機,隨機-邁阿密馬林魚,1700,1700,,,Y,Y,,,,,,,
,Ning-022,道奇日籍帝國,2025 TCU delight*1+jumbo*2 Mixer,棒球⚾️,隨機,隨機-克里夫蘭守護者,1700,1700,,,Y,Y,,,,,,,
,Ning-022,預計歐洲旅遊中,2025 TCU delight*1+jumbo*2 Mixer,棒球⚾️,隨機,隨機-巴爾的摩金鶯,1700,1700,,,Y,Y,,,,,,,
,Ning-022,臘腸,2025 TCU delight*1+jumbo*2 Mixer,棒球⚾️,隨機,隨機-堪薩斯市皇家,1700,1700,,,Y,Y,,,,,,,
,Ning-023,韋恩,2025 TCU hobby case,棒球⚾️,PYT,"洛杉磯道奇
華盛頓國民",20400,20400,,,Y,Y,,,,,,,
,Ning-023,迷途小卡奴,2025 TCU hobby case,棒球⚾️,PYT,奧克蘭運動家,12400,12400,,,Y,Y,,,,,,,
,Ning-023,道奇日籍帝國,2025 TCU hobby case,棒球⚾️,PYT,紐約洋基,6000,6000,,,Y,Y,,,,,,,
,Ning-023,查理,2025 TCU hobby case,棒球⚾️,PYT,芝加哥小熊,6000,6000,,,Y,Y,,,,,,,
,Ning-023,Hato,2025 TCU hobby case,棒球⚾️,PYT,亞特蘭大勇士,5100,5100,,,Y,Y,,,,,,,
,Ning-023,HudsonH,2025 TCU hobby case,棒球⚾️,PYT,底特律老虎,4400,4400,,,Y,Y,,,,,,,
,Ning-023,貓,2025 TCU hobby case,棒球⚾️,PYT,"波士頓紅襪
辛辛那提紅人
德州遊騎兵",8400,8400,,,Y,Y,,,,,,,
,Ning-023,RN,2025 TCU hobby case,棒球⚾️,PYT,明尼蘇達雙城,4100,4100,,,Y,Y,,,,,,,
,Ning-023,小張,2025 TCU hobby case,棒球⚾️,PYT,休士頓太空人,3500,3500,,,Y,Y,,,,,,,
,Ning-023,Derick,2025 TCU hobby case,棒球⚾️,PYT,匹茲堡海盜,3500,3500,,,Y,Y,,,,,,,
,Ning-023,30678,2025 TCU hobby case,棒球⚾️,PYT,紐約大都會,3500,3500,,,Y,Y,,,,,,,
,Ning-023,超吉大麥克,2025 TCU hobby case,棒球⚾️,PYT,西雅圖水手,3300,3300,,,Y,Y,,,,,,,
,Ning-023,木南可可,2025 TCU hobby case,棒球⚾️,PYT,密爾瓦基釀酒人,3300,3300,,,Y,Y,,,,,,,
,Ning-023,透明馬克杯,2025 TCU hobby case,棒球⚾️,PYT,"坦帕灣光芒
克里夫蘭守護者",4600,4600,,,Y,Y,,,,,,,
,Ning-023,臘腸,2025 TCU hobby case,棒球⚾️,PYT,舊金山巨人,2000,2000,,,Y,Y,,,,,,,
,Ning-023,AAC1788,2025 TCU hobby case,棒球⚾️,PYT,堪薩斯市皇家,2000,2000,,,Y,Y,,,,,,,
,Ning-023,菜園仔,2025 TCU hobby case,棒球⚾️,PYT,洛杉磯天使,2000,2000,,,Y,Y,,,,,,,
,Ning-023,超吉-Packer,2025 TCU hobby case,棒球⚾️,PYT,邁阿密馬林魚,1650,1650,,,Y,Y,,,,,,,
,Ning-023,ChenChenPin,2025 TCU hobby case,棒球⚾️,PYT,聖地牙哥教士,1650,1650,,,Y,Y,,,,,,,
,Ning-023,Ozzy,2025 TCU hobby case,棒球⚾️,PYT,多倫多藍鳥,1650,1650,,,Y,Y,,,,,,,
,Ning-023,查岱樓,2025 TCU hobby case,棒球⚾️,PYT,科羅拉多洛磯,1600,1600,,,Y,Y,,,,,,,
,Ning-023,超吉厲害,2025 TCU hobby case,棒球⚾️,PYT,"芝加哥白襪
聖路易紅雀",3600,3600,,,Y,Y,,,,,,,
,Ning-023,預計歐洲旅遊中,2025 TCU hobby case,棒球⚾️,PYT,巴爾地摩金鶯,2000,2000,,,Y,Y,,,,,,,
,Ning-023,Joe Tseng,2025 TCU hobby case,棒球⚾️,PYT,費城費城人,1300,1300,,,Y,Y,,,,,,,
,Ning-023,a2,2025 TCU hobby case,棒球⚾️,PYT,亞利桑那響尾蛇,1300,1300,,,Y,Y,,,,,,,
,Ning-024,Tttt,2025 Topps chrome Cosmic hobby*4 random team,棒球⚾️,隨機,"隨機-小熊
隨機-紅雀",4200,4200,,,Y,Y,,,,,,,
,Ning-024,貓,2025 Topps chrome Cosmic hobby*4 random team,棒球⚾️,隨機,"隨機-遊騎兵
隨機-釀酒人",4200,4200,,,Y,Y,,,,,,,
,Ning-024,AAC1788,2025 Topps chrome Cosmic hobby*4 random team,棒球⚾️,隨機,"隨機-勇士
隨機-藍鳥",4200,4200,,,Y,Y,,,,,,,
,Ning-024,透明馬克杯,2025 Topps chrome Cosmic hobby*4 random team,棒球⚾️,隨機,"隨機-落磯
隨機-馬林魚",4200,4200,,,Y,Y,,,,,,,
,Ning-024,benbenben,2025 Topps chrome Cosmic hobby*4 random team,棒球⚾️,隨機,隨機-巨人,2100,2100,,,Y,Y,,,,,,,
,Ning-024,Bowkaka,2025 Topps chrome Cosmic hobby*4 random team,棒球⚾️,隨機,隨機-教士,2100,2100,,,Y,Y,,,,,,,
,Ning-024,粒,2025 Topps chrome Cosmic hobby*4 random team,棒球⚾️,隨機,隨機-紅襪,2100,2100,,,Y,Y,,,,,,,
,Ning-024,波士頓太陽隊,2025 Topps chrome Cosmic hobby*4 random team,棒球⚾️,隨機,隨機-海盜,2100,2100,,,Y,Y,,,,,,,
,Ning-024,OA李柏,2025 Topps chrome Cosmic hobby*4 random team,棒球⚾️,隨機,"隨機-洋基
隨機-金鶯
隨機-天使",6300,6300,,,Y,Y,,,,,,,
,Ning-024,STH89,2025 Topps chrome Cosmic hobby*4 random team,棒球⚾️,隨機,隨機-白襪,2100,2100,,,Y,Y,,,,,,,
,Ning-024,KAGU_CARDS,2025 Topps chrome Cosmic hobby*4 random team,棒球⚾️,隨機,隨機-太空人,2100,2100,,,Y,Y,,,,,,,
,Ning-024,Trevor,2025 Topps chrome Cosmic hobby*4 random team,棒球⚾️,隨機,隨機-道奇,2100,2100,,,Y,Y,,,,,,,
,Ning-024,糖葫蘆,2025 Topps chrome Cosmic hobby*4 random team,棒球⚾️,隨機,"隨機-守護者
隨機-響尾蛇
隨機-紅人
隨機-皇家",8100,8100,,,Y,Y,,,,,,,
,Ning-024,HudsonH,2025 Topps chrome Cosmic hobby*4 random team,棒球⚾️,隨機,隨機-國民,2100,2100,,,Y,Y,,,,,,,
,Ning-024,查理,2025 Topps chrome Cosmic hobby*4 random team,棒球⚾️,隨機,隨機-費城人,2100,2100,,,Y,Y,,,,,,,
,Ning-024,CA,2025 Topps chrome Cosmic hobby*4 random team,棒球⚾️,隨機,隨機-光芒,1800,1800,,,Y,Y,,,,,,,
,Ning-024,容,2025 Topps chrome Cosmic hobby*4 random team,棒球⚾️,隨機,隨機-運動家,2100,2100,,,Y,Y,,,,,,,
,Ning-024,歐陽鋒,2025 Topps chrome Cosmic hobby*4 random team,棒球⚾️,隨機,隨機-老虎,2100,2100,,,Y,Y,,,,,,,
,Ning-024,中大獎,2025 Topps chrome Cosmic hobby*4 random team,棒球⚾️,隨機,隨機-雙城,2100,2100,,,Y,Y,,,,,,,
,Ning-024,超吉-Packer,2025 Topps chrome Cosmic hobby*4 random team,棒球⚾️,隨機,"隨機-水手
隨機-大都會",4200,4200,,,Y,Y,,,,,,,
,Ning-025,頎,2025 Topps Chrome Cosmic 整箱8盒隨機團(上）,棒球⚾️,隨機,隨機-邁阿密馬林魚,2200,2200,,,Y,Y,,,,,,,
,Ning-025,AAC1788,2025 Topps Chrome Cosmic 整箱8盒隨機團(上）,棒球⚾️,隨機,隨機-聖地牙哥教士,2200,2200,,已結清,Y,Y,,,,,,,
,Ning-025,蘿蔔黃,2025 Topps Chrome Cosmic 整箱8盒隨機團(上）,棒球⚾️,隨機,"隨機-克羅拉多落磯
隨機-洛杉磯道奇",4400,4400,,,Y,Y,,,,,,,
,Ning-025,Ozzy,2025 Topps Chrome Cosmic 整箱8盒隨機團(上）,棒球⚾️,隨機,"隨機-明尼蘇達雙城
隨機-底特律老虎",4400,4400,,,Y,Y,,,,,,,
,Ning-025,HudsonH,2025 Topps Chrome Cosmic 整箱8盒隨機團(上）,棒球⚾️,隨機,隨機-巴爾的摩金鶯,2200,2200,,已結清,Y,Y,,,,,,,
,Ning-025,糖葫蘆,2025 Topps Chrome Cosmic 整箱8盒隨機團(上）,棒球⚾️,隨機,"隨機-華盛頓國民
隨機-克里夫蘭守護者",4400,4400,,,Y,Y,,,,,,,
,Ning-025,STH89,2025 Topps Chrome Cosmic 整箱8盒隨機團(上）,棒球⚾️,隨機,隨機-堪薩斯市皇家,2200,2200,,,Y,Y,,,,,,,
,Ning-025,彼得,2025 Topps Chrome Cosmic 整箱8盒隨機團(上）,棒球⚾️,隨機,隨機-費城費城人,2200,2200,,,Y,Y,,,,,,,
,Ning-025,benbenben,2025 Topps Chrome Cosmic 整箱8盒隨機團(上）,棒球⚾️,隨機,"隨機-洛杉磯天使
隨機-舊金山巨人",4400,4400,,,Y,Y,,,,,,,
,Ning-025,eric.k,2025 Topps Chrome Cosmic 整箱8盒隨機團(上）,棒球⚾️,隨機,隨機-密爾瓦基釀酒人,2200,2200,,,Y,Y,,,,,,,
,Ning-025,超吉大麥克,2025 Topps Chrome Cosmic 整箱8盒隨機團(上）,棒球⚾️,隨機,隨機-奧克蘭運動家,2200,2200,,已結清,Y,Y,,,,,,,
,Ning-025,Trevor,2025 Topps Chrome Cosmic 整箱8盒隨機團(上）,棒球⚾️,隨機,隨機-匹茲堡海盜,2200,2200,,已結清,Y,Y,,,,,,,
,Ning-025,馬,2025 Topps Chrome Cosmic 整箱8盒隨機團(上）,棒球⚾️,隨機,隨機-西雅圖水手,2200,2200,,,Y,Y,,,,,,,
,Ning-025,辰小胖,2025 Topps Chrome Cosmic 整箱8盒隨機團(上）,棒球⚾️,隨機,"隨機-德州遊騎兵
隨機-芝加哥小熊",4400,4400,,,Y,Y,,,,,,,
,Ning-025,柴犬,2025 Topps Chrome Cosmic 整箱8盒隨機團(上）,棒球⚾️,隨機,隨機-亞特蘭大勇士,2200,2200,,,Y,Y,,,,,,,
,Ning-025,達,2025 Topps Chrome Cosmic 整箱8盒隨機團(上）,棒球⚾️,隨機,隨機-聖路易紅雀,2200,2200,,已結清,Y,Y,,,,,,,
,Ning-025,迷途小卡奴,2025 Topps Chrome Cosmic 整箱8盒隨機團(上）,棒球⚾️,隨機,"隨機-紐約洋基
隨機-波士頓紅襪",4400,4400,,已結清,Y,Y,,,,,,,
,Ning-025,道奇日籍帝國,2025 Topps Chrome Cosmic 整箱8盒隨機團(上）,棒球⚾️,隨機,隨機-辛辛那提紅人,2200,2200,,,Y,Y,,,,,,,
,Ning-025,OA李柏,2025 Topps Chrome Cosmic 整箱8盒隨機團(上）,棒球⚾️,隨機,隨機-坦帕光芒,2200,2200,,,Y,Y,,,,,,,
,Ning-025,chenj,2025 Topps Chrome Cosmic 整箱8盒隨機團(上）,棒球⚾️,隨機,隨機-多倫多藍鳥,2200,2200,,,Y,Y,,,,,,,
,Ning-025,Few,2025 Topps Chrome Cosmic 整箱8盒隨機團(上）,棒球⚾️,隨機,隨機-紐約大都會,2200,2200,,已結清,Y,Y,,,,,,,
,Ning-025,谷惑仔,2025 Topps Chrome Cosmic 整箱8盒隨機團(上）,棒球⚾️,隨機,隨機-芝加哥白襪,2200,2200,,,Y,Y,,,,,,,
,Ning-025,頎,2025 Topps Chrome Cosmic 整箱8盒隨機團（下）,棒球⚾️,隨機,隨機-紐約大都會,2200,2200,,,Y,Y,,,,,,,
,Ning-025,AAC1788,2025 Topps Chrome Cosmic 整箱8盒隨機團（下）,棒球⚾️,隨機,隨機-紐約洋基,2200,2200,,已結清,Y,Y,,,,,,,
,Ning-025,蘿蔔黃,2025 Topps Chrome Cosmic 整箱8盒隨機團（下）,棒球⚾️,隨機,"隨機-波士頓紅襪
隨機-華盛頓國民",4400,4400,,,Y,Y,,,,,,,
,Ning-025,Ozzy,2025 Topps Chrome Cosmic 整箱8盒隨機團（下）,棒球⚾️,隨機,"隨機-舊金山巨人
隨機-巴爾的摩金鶯",4400,4400,,,Y,Y,,,,,,,
,Ning-025,HudsonH,2025 Topps Chrome Cosmic 整箱8盒隨機團（下）,棒球⚾️,隨機,隨機-亞利桑那響尾蛇,2200,2200,,已結清,Y,Y,,,,,,,
,Ning-025,糖葫蘆,2025 Topps Chrome Cosmic 整箱8盒隨機團（下）,棒球⚾️,隨機,"隨機-費城費城人
隨機-克羅拉多落磯",4400,4400,,,Y,Y,,,,,,,
,Ning-025,STH89,2025 Topps Chrome Cosmic 整箱8盒隨機團（下）,棒球⚾️,隨機,隨機-奧克蘭運動家,2200,2200,,,Y,Y,,,,,,,
,Ning-025,彼得,2025 Topps Chrome Cosmic 整箱8盒隨機團（下）,棒球⚾️,隨機,隨機-克里夫蘭守護者,2200,2200,,,Y,Y,,,,,,,
,Ning-025,K113,2025 Topps Chrome Cosmic 整箱8盒隨機團（下）,棒球⚾️,隨機,隨機-坦帕光芒,2200,2200,,已結清,Y,Y,,,,,,,
,Ning-025,eric.k,2025 Topps Chrome Cosmic 整箱8盒隨機團（下）,棒球⚾️,隨機,隨機-密爾瓦基釀酒人,2200,2200,,,Y,Y,,,,,,,
,Ning-025,中大獎,2025 Topps Chrome Cosmic 整箱8盒隨機團（下）,棒球⚾️,隨機,隨機-底特律老虎,2200,2200,,,Y,Y,,,,,,,
,Ning-025,超吉大麥克,2025 Topps Chrome Cosmic 整箱8盒隨機團（下）,棒球⚾️,隨機,隨機-辛辛那提紅人,2200,2200,,已結清,Y,Y,,,,,,,
,Ning-025,Trevor,2025 Topps Chrome Cosmic 整箱8盒隨機團（下）,棒球⚾️,隨機,隨機-亞特蘭大勇士,2200,2200,,已結清,Y,Y,,,,,,,
,Ning-025,馬,2025 Topps Chrome Cosmic 整箱8盒隨機團（下）,棒球⚾️,隨機,隨機-多倫多藍鳥,2200,2200,,,Y,Y,,,,,,,
,Ning-025,辰小胖,2025 Topps Chrome Cosmic 整箱8盒隨機團（下）,棒球⚾️,隨機,"隨機-明尼蘇達雙城
隨機-聖路易紅雀",4400,4400,,,Y,Y,,,,,,,
,Ning-025,柴犬,2025 Topps Chrome Cosmic 整箱8盒隨機團（下）,棒球⚾️,隨機,隨機-聖地牙哥教士,2200,2200,,,Y,Y,,,,,,,
,Ning-025,西打,2025 Topps Chrome Cosmic 整箱8盒隨機團（下）,棒球⚾️,隨機,隨機-西雅圖水手,2200,2200,,,Y,Y,,,,,,,
,Ning-025,迷途小卡奴,2025 Topps Chrome Cosmic 整箱8盒隨機團（下）,棒球⚾️,隨機,"隨機-芝加哥小熊
隨機-休士頓太空人",4400,4400,,已結清,Y,Y,,,,,,,
,Ning-025,OA李柏,2025 Topps Chrome Cosmic 整箱8盒隨機團（下）,棒球⚾️,隨機,隨機-德州遊騎兵,2200,2200,,,Y,Y,,,,,,,
,Ning-025,道奇日籍帝國,2025 Topps Chrome Cosmic 整箱8盒隨機團（下）,棒球⚾️,隨機,隨機-洛杉磯道奇,2200,2200,,,Y,Y,,,,,,,
,Ning-025,chenj,2025 Topps Chrome Cosmic 整箱8盒隨機團（下）,棒球⚾️,隨機,隨機-邁阿密馬林魚,2200,2200,,,Y,Y,,,,,,,
,Ning-025,Nova,2025 Topps Chrome Cosmic 整箱8盒隨機團（下）,棒球⚾️,隨機,隨機-匹茲堡海盜,2200,2200,,已結清,Y,Y,,,,,,,
,Ning-025,谷惑仔,2025 Topps Chrome Cosmic 整箱8盒隨機團（下）,棒球⚾️,隨機,隨機-洛杉磯天使,2200,2200,,,Y,Y,,,,,,,
,Ning-025,容,2025 Topps Chrome Cosmic 整箱8盒隨機團(上）,棒球⚾️,隨機,隨機-休士頓太空人,2200,2200,,已結清,Y,Y,,,,,,,
,Ning-025,容,2025 Topps Chrome Cosmic 整箱8盒隨機團（下）,棒球⚾️,隨機,隨機-芝加哥白襪,2200,2200,,已結清,Y,Y,,,,,,,
,Ning-025,透明馬克杯,2025 Topps Chrome Cosmic 整箱8盒隨機團(上）,棒球⚾️,隨機,隨機-亞利桑那響尾蛇,2200,4400,,,Y,Y,,,,,,,
,Ning-025,透明馬克杯,2025 Topps Chrome Cosmic 整箱8盒隨機團（下）,棒球⚾️,隨機,隨機-堪薩斯市皇家,2200,4400,,,Y,Y,,,,,,,
,Ning-026,歐陽鋒,Topps chrome update sapphire +Cosmic *2 mixer,棒球⚾️,隨機,隨機-聖地牙哥教士,2100,2100,,,Y,Y,,,,,,,
,Ning-026,谷惑仔,Topps chrome update sapphire +Cosmic *2 mixer,棒球⚾️,隨機,"隨機-芝加哥白襪
隨機-西雅圖水手
隨機-克羅拉多落磯
隨機-克里夫蘭守護者",8200,8200,,,Y,Y,,,,,,,
,Ning-026,蘿蔔黃,Topps chrome update sapphire +Cosmic *2 mixer,棒球⚾️,隨機,"隨機-明尼蘇達雙城
隨機-匹茲堡海盜",4100,4100,,,Y,Y,,,,,,,
,Ning-026,HudsonH,Topps chrome update sapphire +Cosmic *2 mixer,棒球⚾️,隨機,隨機-洛杉磯道奇,2100,2100,,已結清,Y,Y,,,,,,,
,Ning-026,Ozzy,Topps chrome update sapphire +Cosmic *2 mixer,棒球⚾️,隨機,"隨機-多倫多藍鳥
隨機-坦帕光芒",4100,4100,,,Y,Y,,,,,,,
,Ning-026,易拉罐,Topps chrome update sapphire +Cosmic *2 mixer,棒球⚾️,隨機,"隨機-德州遊騎兵
隨機-華盛頓國民",3800,3800,,,Y,Y,,,,,,,
,Ning-026,Trevor,Topps chrome update sapphire +Cosmic *2 mixer,棒球⚾️,隨機,隨機-巴爾的摩金鶯,2100,2100,,已結清,Y,Y,,,,,,,
,Ning-026,透明馬克杯,Topps chrome update sapphire +Cosmic *2 mixer,棒球⚾️,隨機,"隨機-休士頓太空人
隨機-聖路易紅雀
隨機-紐約大都會
隨機-亞利桑那響尾蛇
隨機-奧克蘭運動家
隨機-舊金山巨人",12300,12300,,,Y,Y,,,,,,,
,Ning-026,ArYuan阿元,Topps chrome update sapphire +Cosmic *2 mixer,棒球⚾️,隨機,"隨機-芝加哥小熊
隨機-費城費城人",4100,4100,,,Y,Y,,,,,,,
,Ning-026,迷途小卡奴,Topps chrome update sapphire +Cosmic *2 mixer,棒球⚾️,隨機,"隨機-波士頓紅襪
隨機-密爾瓦基釀酒人
隨機-洛杉磯天使
隨機-邁阿密馬林魚",8200,8200,,已結清,Y,Y,,,,,,,
,Ning-026,As,Topps chrome update sapphire +Cosmic *2 mixer,棒球⚾️,隨機,"隨機-亞特蘭大勇士
隨機-底特律老虎",4100,4100,,,Y,Y,,,,,,,
,Ning-026,Marin,Topps chrome update sapphire +Cosmic *2 mixer,棒球⚾️,隨機,隨機-堪薩斯市皇家,2100,2100,,,Y,Y,,,,,,,
,Ning-026,STH89,Topps chrome update sapphire +Cosmic *2 mixer,棒球⚾️,隨機,"隨機-辛辛那提紅人
隨機-紐約洋基",4100,4100,,,Y,Y,,,,,,,
,Ning-027,厚哩薛,2025 Bowman draft hobby case(上),棒球⚾️,PYT,PYT-國民,5500,5500,,,Y,Y,,,,,,,
,Ning-027,KK,2025 Bowman draft hobby case(上),棒球⚾️,PYT,PYT-海盜,4300,4300,,,Y,Y,,,,,,,
,Ning-027,道奇日籍帝國,2025 Bowman draft hobby case(上),棒球⚾️,PYT,PYT-水手,4500,4500,,,Y,Y,,,,,,,
,Ning-027,馬,2025 Bowman draft hobby case(上),棒球⚾️,PYT,PYT-紅雀,4100,4100,,已結清,Y,Y,,,,,,,
,Ning-027,STH89,2025 Bowman draft hobby case(上),棒球⚾️,PYT,PYT-白襪、洋基,7050,7050,,,Y,Y,,,,,,,
,Ning-027,超吉大麥克,2025 Bowman draft hobby case(上),棒球⚾️,PYT,PYT-紅人、藍鳥,7400,7400,,,Y,Y,,,,,,,
,Ning-027,易拉罐,2025 Bowman draft hobby case(上),棒球⚾️,PYT,PYT-遊騎兵,3500,3500,,,Y,Y,,,,,,,
,Ning-027,HudsonH,2025 Bowman draft hobby case(上),棒球⚾️,PYT,PYT-天使,3000,3000,,已結清,Y,Y,,,,,,,
,Ning-027,預計歐洲旅遊中,2025 Bowman draft hobby case(上),棒球⚾️,PYT,PYT-運動家,3000,3000,,,Y,Y,,,,,,,
,Ning-027,Ozzy,2025 Bowman draft hobby case(上),棒球⚾️,PYT,PYT-道奇,2900,2900,,,Y,Y,,,,,,,
,Ning-027,超吉拜拜出好卡,2025 Bowman draft hobby case(上),棒球⚾️,PYT,PYT-巨人,2800,2800,,,Y,Y,,,,,,,
,Ning-027,透明馬克杯,2025 Bowman draft hobby case(上),棒球⚾️,PYT,PYT-皇家、小熊,5450,5450,,,Y,Y,,,,,,,
,Ning-027,谷惑仔,2025 Bowman draft hobby case(上),棒球⚾️,PYT,PYT-金鶯,2500,2500,,,Y,Y,,,,,,,
,Ning-027,Allen,2025 Bowman draft hobby case(上),棒球⚾️,PYT,PYT-響尾蛇,2450,2450,,,Y,Y,,,,,,,
,Ning-027,美金,2025 Bowman draft hobby case(上),棒球⚾️,PYT,PYT-太空人,2450,2450,,,Y,Y,,,,,,,
,Ning-027,Cyy,2025 Bowman draft hobby case(上),棒球⚾️,PYT,PYT-老虎,2350,2350,,已結清,Y,Y,,,,,,,
,Ning-027,超吉-Packer,2025 Bowman draft hobby case(上),棒球⚾️,PYT,PYT-紅襪,2150,2150,,已結清,Y,Y,,,,,,,
,Ning-027,迷途小卡奴,2025 Bowman draft hobby case(上),棒球⚾️,PYT,PYT-勇士,2050,2050,,已結清,Y,Y,,,,,,,
,Ning-027,小揚,2025 Bowman draft hobby case(上),棒球⚾️,PYT,PYT-釀酒人,1950,1950,,已結清,Y,Y,,,,,,,
,Ning-027,查岱樓,2025 Bowman draft hobby case(上),棒球⚾️,PYT,PYT-費城人,1750,1750,,,Y,N,,,,,,,
,Ning-027,肚肚餓餓的,2025 Bowman draft hobby case(上),棒球⚾️,PYT,PYT-光芒,1500,1500,,,Y,Y,,,,,,,
,Ning-027,KAGU_CARDS,2025 Bowman draft hobby case(上),棒球⚾️,PYT,PYT-落磯,1350,1350,,,Y,Y,,,,,,,
,Ning-027,AAC1788,2025 Bowman draft hobby case(上),棒球⚾️,PYT,PYT-大都會,1350,1350,,,Y,Y,,,,,,,
,Ning-027,達,2025 Bowman draft hobby case(上),棒球⚾️,PYT,PYT-守護者,1250,1250,,,Y,Y,,,,,,,
,Ning-027,Tatis7,2025 Bowman draft hobby case(上),棒球⚾️,PYT,PYT-馬林魚,1250,1250,,,Y,Y,,,,,,,
,Ning-027,Wu.,2025 Bowman draft hobby case(上),棒球⚾️,PYT,PYT-雙城,1250,1250,,已結清,Y,Y,,,,,,,
,Ning-027,Joe Tseng,2025 Bowman draft hobby case(上),棒球⚾️,PYT,PYT-教士,800,800,,已結清,Y,Y,,,,,,,
,Ning-027,厚哩薛,2025 Bowman draft hobby case(下),棒球⚾️,PYT,PYT-國民,5500,5500,,,Y,Y,,,,,,,
,Ning-027,KK,2025 Bowman draft hobby case(下),棒球⚾️,PYT,PYT-海盜,4300,4300,,,Y,Y,,,,,,,
,Ning-027,道奇日籍帝國,2025 Bowman draft hobby case(下),棒球⚾️,PYT,PYT-水手,4500,4500,,,Y,Y,,,,,,,
,Ning-027,馬,2025 Bowman draft hobby case(下),棒球⚾️,PYT,PYT-紅雀,4100,4100,,已結清,Y,Y,,,,,,,
,Ning-027,STH89,2025 Bowman draft hobby case(下),棒球⚾️,PYT,PYT-白襪、洋基,7050,7050,,,Y,Y,,,,,,,
,Ning-027,Ozzy,2025 Bowman draft hobby case(下),棒球⚾️,PYT,PYT-紅人、道奇、巨人、守護者,10750,10750,,,Y,Y,,,,,,,
,Ning-027,易拉罐,2025 Bowman draft hobby case(下),棒球⚾️,PYT,PYT-遊騎兵,3500,3500,,,Y,Y,,,,,,,
,Ning-027,超吉大麥克,2025 Bowman draft hobby case(下),棒球⚾️,PYT,PYT-藍鳥,2600,2600,,,Y,Y,,,,,,,
,Ning-027,迷途小卡奴,2025 Bowman draft hobby case(下),棒球⚾️,PYT,PYT-天使,3000,3000,,已結清,Y,Y,,,,,,,
,Ning-027,預計歐洲旅遊中,2025 Bowman draft hobby case(下),棒球⚾️,PYT,PYT-運動家,3000,3000,,,Y,Y,,,,,,,
,Ning-027,透明馬克杯,2025 Bowman draft hobby case(下),棒球⚾️,PYT,PYT-皇家、小熊,5450,5450,,,Y,Y,,,,,,,
,Ning-027,RN,2025 Bowman draft hobby case(下),棒球⚾️,PYT,PYT-金鶯、費城人,4250,4250,,,Y,Y,,,,,,,
,Ning-027,Allen,2025 Bowman draft hobby case(下),棒球⚾️,PYT,PYT-響尾蛇,2450,2450,,,Y,Y,,,,,,,
,Ning-027,美金,2025 Bowman draft hobby case(下),棒球⚾️,PYT,PYT-太空人,2450,2450,,,Y,Y,,,,,,,
,Ning-027,Cyy,2025 Bowman draft hobby case(下),棒球⚾️,PYT,PYT-老虎,2350,2350,,已結清,Y,Y,,,,,,,
,Ning-027,超吉-Packer,2025 Bowman draft hobby case(下),棒球⚾️,PYT,PYT-紅襪,2150,2150,,已結清,Y,Y,,,,,,,
,Ning-027,HudsonH,2025 Bowman draft hobby case(下),棒球⚾️,PYT,PYT-勇士,2050,2050,,已結清,Y,Y,,,,,,,
,Ning-027,小揚,2025 Bowman draft hobby case(下),棒球⚾️,PYT,PYT-釀酒人,1950,1950,,已結清,Y,Y,,,,,,,
,Ning-027,肚肚餓餓的,2025 Bowman draft hobby case(下),棒球⚾️,PYT,PYT-光芒,1500,1500,,,Y,Y,,,,,,,
,Ning-027,KAGU_CARDS,2025 Bowman draft hobby case(下),棒球⚾️,PYT,PYT-落磯,1350,1350,,,Y,Y,,,,,,,
,Ning-027,AAC1788,2025 Bowman draft hobby case(下),棒球⚾️,PYT,PYT-大都會,1350,1350,,,Y,Y,,,,,,,
,Ning-027,Tatis7,2025 Bowman draft hobby case(下),棒球⚾️,PYT,PYT-馬林魚,1250,1250,,,Y,Y,,,,,,,
,Ning-027,Wu.,2025 Bowman draft hobby case(下),棒球⚾️,PYT,PYT-雙城,1250,1250,,已結清,Y,Y,,,,,,,
,Ning-027,Joe Tseng,2025 Bowman draft hobby case(下),棒球⚾️,PYT,PYT-教士,800,800,,已結清,Y,Y,,,,,,,
,Ning-028,666,2025 bowman draft super jumbo*2 隨機團,棒球⚾️,隨機,隨機-匹茲堡海盜,2100,2100,,,Y,Y,,,,,,,
,Ning-028,30678,2025 bowman draft super jumbo*2 隨機團,棒球⚾️,隨機,隨機-底特律老虎,2100,2100,,,Y,Y,,,,,,,
,Ning-028,HudsonH,2025 bowman draft super jumbo*2 隨機團,棒球⚾️,隨機,"隨機-聖路易紅雀
隨機-休士頓太空人
隨機-堪薩斯市皇家
隨機-密爾瓦基釀酒人",8000,8000,,已結清,Y,Y,,,,,,,
,Ning-028,道奇日籍帝國,2025 bowman draft super jumbo*2 隨機團,棒球⚾️,隨機,"隨機-辛辛那提紅人
隨機-紐約洋基",4000,4000,,,Y,Y,,,,,,,
,Ning-028,臘腸,2025 bowman draft super jumbo*2 隨機團,棒球⚾️,隨機,隨機-克羅拉多落磯,2100,2100,,,Y,Y,,,,,,,
,Ning-028,迷途小卡奴,2025 bowman draft super jumbo*2 隨機團,棒球⚾️,隨機,"隨機-亞特蘭大勇士
隨機-費城費城人",4000,4000,,已結清,Y,Y,,,,,,,
,Ning-028,中大獎,2025 bowman draft super jumbo*2 隨機團,棒球⚾️,隨機,隨機-洛杉磯道奇,2100,2100,,,Y,Y,,,,,,,
,Ning-028,AAC1788,2025 bowman draft super jumbo*2 隨機團,棒球⚾️,隨機,隨機-洛杉磯天使,2100,2100,,已結清,Y,Y,,,,,,,
,Ning-028,Trevor,2025 bowman draft super jumbo*2 隨機團,棒球⚾️,隨機,隨機-芝加哥小熊,2100,2100,,已結清,Y,Y,,,,,,,
,Ning-028,Cyy,2025 bowman draft super jumbo*2 隨機團,棒球⚾️,隨機,隨機-明尼蘇達雙城,2100,2100,,已結清,Y,Y,,,,,,,
,Ning-028,村民,2025 bowman draft super jumbo*2 隨機團,棒球⚾️,隨機,隨機-巴爾的摩金鶯,1800,1800,,,Y,Y,,,,,,,
,Ning-028,蘿蔔黃,2025 bowman draft super jumbo*2 隨機團,棒球⚾️,隨機,"隨機-華盛頓國民
隨機-亞利桑那響尾蛇",4000,4000,,,Y,Y,,,,,,,
,Ning-028,As,2025 bowman draft super jumbo*2 隨機團,棒球⚾️,隨機,隨機-奧克蘭運動家,2100,2100,,,Y,Y,,,,,,,
,Ning-028,WAI,2025 bowman draft super jumbo*2 隨機團,棒球⚾️,隨機,"隨機-芝加哥白襪
隨機-德州遊騎兵",4000,4000,,已結清,Y,Y,,,,,,,
,Ning-028,Ozzy,2025 bowman draft super jumbo*2 隨機團,棒球⚾️,隨機,隨機-坦帕光芒,2100,2100,,,Y,Y,,,,,,,
,Ning-028,AKA黑馬大帥哥,2025 bowman draft super jumbo*2 隨機團,棒球⚾️,隨機,隨機-邁阿密馬林魚,2100,2100,,,Y,Y,,,,,,,
,Ning-028,Derick,2025 bowman draft super jumbo*2 隨機團,棒球⚾️,隨機,隨機-西雅圖水手,2100,2100,,已結清,Y,Y,,,,,,,
,Ning-028,查理,2025 bowman draft super jumbo*2 隨機團,棒球⚾️,隨機,隨機-聖地牙哥教士,2100,2100,,,Y,Y,,,,,,,
,Ning-028,Bowkaka,2025 bowman draft super jumbo*2 隨機團,棒球⚾️,隨機,隨機-多倫多藍鳥,2100,2100,,,Y,Y,,,,,,,
,Ning-028,Joe Tseng,2025 bowman draft super jumbo*2 隨機團,棒球⚾️,隨機,隨機-克里夫蘭守護者,2100,2100,,已結清,Y,Y,,,,,,,
,Ning-028,超吉-Packer,2025 bowman draft super jumbo*2 隨機團,棒球⚾️,隨機,"隨機-舊金山巨人
隨機-紐約大都會",4000,4000,,已結清,Y,Y,,,,,,,
,Ning-028,木南可可,2025 bowman draft super jumbo*2 隨機團,棒球⚾️,隨機,隨機-波士頓紅襪,2100,2100,,,Y,Y,,,,,,,
,Ning-029,666,2025 bowman draft super jumbo box*1 random team,棒球⚾️,隨機,隨機-洛杉磯天使,1100,1100,,,Y,Y,,,,,,,
,Ning-029,透明馬克杯,2025 bowman draft super jumbo box*1 random team,棒球⚾️,隨機,"隨機-奧克蘭運動家
隨機-聖路易紅雀",2000,2000,,,Y,Y,,,,,,,
,Ning-029,谷惑仔,2025 bowman draft super jumbo box*1 random team,棒球⚾️,隨機,"隨機-底特律老虎
隨機-波士頓紅襪",2000,2000,,,Y,Y,,,,,,,
,Ning-029,STH89,2025 bowman draft super jumbo box*1 random team,棒球⚾️,隨機,"隨機-克羅拉多落磯
隨機-巴爾的摩金鶯
隨機-休士頓太空人
隨機-費城費城人",4000,4000,,,Y,Y,,,,,,,
,Ning-029,XX,2025 bowman draft super jumbo box*1 random team,棒球⚾️,隨機,隨機-明尼蘇達雙城,1100,1100,,,Y,Y,,,,,,,
,Ning-029,Tatis7,2025 bowman draft super jumbo box*1 random team,棒球⚾️,隨機,"隨機-亞特蘭大勇士
隨機-紐約洋基",2000,2000,,,Y,Y,,,,,,,
,Ning-029,Rio,2025 bowman draft super jumbo box*1 random team,棒球⚾️,隨機,隨機-亞利桑那響尾蛇,1100,1100,,,Y,Y,,,,,,,
,Ning-029,超吉厲害,2025 bowman draft super jumbo box*1 random team,棒球⚾️,隨機,"隨機-西雅圖水手
隨機-密爾瓦基釀酒人",2000,2000,,,Y,N,,,,,,,
,Ning-029,查理,2025 bowman draft super jumbo box*1 random team,棒球⚾️,隨機,"隨機-克里夫蘭守護者
隨機-芝加哥白襪",2000,2000,,,Y,Y,,,,,,,
,Ning-029,超吉大麥克,2025 bowman draft super jumbo box*1 random team,棒球⚾️,隨機,"隨機-紐約大都會
隨機-洛杉磯道奇",2000,2000,,,Y,Y,,,,,,,
,Ning-029,粒,2025 bowman draft super jumbo box*1 random team,棒球⚾️,隨機,隨機-坦帕光芒,1100,1100,,,Y,Y,,,,,,,
,Ning-029,BOLALA,2025 bowman draft super jumbo box*1 random team,棒球⚾️,隨機,"隨機-邁阿密馬林魚
隨機-匹茲堡海盜
隨機-堪薩斯市皇家",3000,3000,,,Y,Y,,,,,,,
,Ning-029,木南可可,2025 bowman draft super jumbo box*1 random team,棒球⚾️,隨機,"隨機-芝加哥小熊
隨機-舊金山巨人",2000,2000,,,Y,Y,,,,,,,
,Ning-029,小至,2025 bowman draft super jumbo box*1 random team,棒球⚾️,隨機,隨機-聖地牙哥教士,1100,1100,,,Y,Y,,,,,,,
,Ning-029,道奇日籍帝國,2025 bowman draft super jumbo box*1 random team,棒球⚾️,隨機,"隨機-華盛頓國民
隨機-辛辛那提紅人",2000,2000,,,Y,Y,,,,,,,
,Ning-029,厚哩薛,2025 bowman draft super jumbo box*1 random team,棒球⚾️,隨機,"隨機-德州遊騎兵
隨機-多倫多藍鳥",2000,2000,,,Y,Y,,,,,,,
,Ning-030,透明馬克杯,2025 TCU藍寶石+Cosmic關門團,棒球⚾️,隨機,"隨機-巴爾的摩金鶯
隨機-德州遊騎兵",4100,4100,,,Y,Y,,,,,,,
,Ning-030,Trevor,2025 TCU藍寶石+Cosmic關門團,棒球⚾️,隨機,隨機-洛杉磯道奇,2100,2100,,,Y,Y,,,,,,,
,Ning-030,As,2025 TCU藍寶石+Cosmic關門團,棒球⚾️,隨機,"隨機-波士頓紅襪
隨機-聖地牙哥教士",4100,4100,,,Y,Y,,,,,,,
,Ning-030,貓,2025 TCU藍寶石+Cosmic關門團,棒球⚾️,隨機,隨機-舊金山巨人,2100,2100,,,Y,Y,,,,,,,
,Ning-030,AAC1788,2025 TCU藍寶石+Cosmic關門團,棒球⚾️,隨機,隨機-紐約洋基,2100,2100,,,Y,Y,,,,,,,
,Ning-030,馬,2025 TCU藍寶石+Cosmic關門團,棒球⚾️,隨機,"隨機-堪薩斯市皇家
隨機-多倫多藍鳥",4100,4100,,,Y,Y,,,,,,,
,Ning-030,迷途小卡奴,2025 TCU藍寶石+Cosmic關門團,棒球⚾️,隨機,"隨機-奧克蘭運動家
隨機-坦帕光芒",4100,4100,,,Y,Y,,,,,,,
,Ning-030,蘿蔔黃,2025 TCU藍寶石+Cosmic關門團,棒球⚾️,隨機,"隨機-匹茲堡海盜
隨機-紐約大都會",4100,4100,,,Y,Y,,,,,,,
,Ning-030,Allen,2025 TCU藍寶石+Cosmic關門團,棒球⚾️,隨機,"隨機-亞特蘭大勇士
隨機-費城費城人",4100,4100,,,Y,Y,,,,,,,
,Ning-030,聚寶,2025 TCU藍寶石+Cosmic關門團,棒球⚾️,隨機,"隨機-克羅拉多落磯
隨機-芝加哥白襪",4100,4100,,,Y,Y,,,,,,,
,Ning-030,小P,2025 TCU藍寶石+Cosmic關門團,棒球⚾️,隨機,隨機-明尼蘇達雙城,2100,2100,,,Y,Y,,,,,,,
,Ning-030,易拉罐,2025 TCU藍寶石+Cosmic關門團,棒球⚾️,隨機,"隨機-底特律老虎
隨機-洛杉磯天使",4100,4100,,,Y,Y,,,,,,,
,Ning-030,村民,2025 TCU藍寶石+Cosmic關門團,棒球⚾️,隨機,隨機-休士頓太空人,2100,2100,,,Y,Y,,,,,,,
,Ning-030,歐陽鋒,2025 TCU藍寶石+Cosmic關門團,棒球⚾️,隨機,隨機-西雅圖水手,2100,2100,,,Y,Y,,,,,,,
,Ning-030,谷惑仔,2025 TCU藍寶石+Cosmic關門團,棒球⚾️,隨機,"隨機-華盛頓國民
隨機-芝加哥小熊",4100,4100,,,Y,Y,,,,,,,
,Ning-030,超吉大麥克,2025 TCU藍寶石+Cosmic關門團,棒球⚾️,隨機,隨機-密爾瓦基釀酒人,2100,2100,,,Y,Y,,,,,,,
,Ning-030,阿展,2025 TCU藍寶石+Cosmic關門團,棒球⚾️,隨機,"隨機-克里夫蘭守護者
隨機-辛辛那提紅人",4100,4100,,,Y,Y,,,,,,,
,Ning-030,威登登,2025 TCU藍寶石+Cosmic關門團,棒球⚾️,隨機,隨機-亞利桑那響尾蛇,2100,2100,,,Y,Y,,,,,,,
,Ning-030,Ozzy,2025 TCU藍寶石+Cosmic關門團,棒球⚾️,隨機,隨機-邁阿密馬林魚,2100,2100,,,Y,Y,,,,,,,
,Ning-030,Alex一族,2025 TCU藍寶石+Cosmic關門團,棒球⚾️,隨機,隨機-聖路易紅雀,2100,2100,,,Y,N,,,,,,,
,Ning-031,透明馬克杯,2025 bowman draft super jumbo*2 隨機選秀團,棒球⚾️,隨機選秀,"多倫多藍鳥
洛杉磯天使",4000,4000,,,Y,Y,,,,,,,
,Ning-031,STH89,2025 bowman draft super jumbo*2 隨機選秀團,棒球⚾️,隨機選秀,"洛杉磯道奇
聖地牙哥教士",4000,4000,,,Y,Y,,,,,,,
,Ning-031,貓,2025 bowman draft super jumbo*2 隨機選秀團,棒球⚾️,隨機選秀,費城費城人,2100,2100,,,Y,Y,,,,,,,
,Ning-031,超吉厲害,2025 bowman draft super jumbo*2 隨機選秀團,棒球⚾️,隨機選秀,克里夫蘭守護者,2100,2100,,,Y,N,,,,,,,
,Ning-031,蘿蔔黃,2025 bowman draft super jumbo*2 隨機選秀團,棒球⚾️,隨機選秀,"芝加哥白襪
巴爾的摩金鶯",4000,4000,,,Y,Y,,,,,,,
,Ning-031,ArYuan阿元,2025 bowman draft super jumbo*2 隨機選秀團,棒球⚾️,隨機選秀,"西雅圖水手
底特律老虎",4000,4000,,,Y,Y,,,,,,,
,Ning-031,AAC1788,2025 bowman draft super jumbo*2 隨機選秀團,棒球⚾️,隨機選秀,邁阿密馬林魚,2100,2100,,,Y,Y,,,,,,,
,Ning-031,HudsonH,2025 bowman draft super jumbo*2 隨機選秀團,棒球⚾️,隨機選秀,堪薩斯市皇家,2100,2100,,,Y,Y,,,,,,,
,Ning-031,厚哩薛,2025 bowman draft super jumbo*2 隨機選秀團,棒球⚾️,隨機選秀,"匹茲堡海盜
坦帕光芒",4000,4000,,,Y,Y,,,,,,,
,Ning-031,超吉-Packer,2025 bowman draft super jumbo*2 隨機選秀團,棒球⚾️,隨機選秀,"亞特蘭大勇士
密爾瓦基釀酒人",4000,4000,,已結清,Y,Y,,,,,,,
,Ning-031,小至,2025 bowman draft super jumbo*2 隨機選秀團,棒球⚾️,隨機選秀,休士頓太空人,2100,2100,,,Y,Y,,,,,,,
,Ning-031,Cyy,2025 bowman draft super jumbo*2 隨機選秀團,棒球⚾️,隨機選秀,紐約大都會,2100,2100,,已結清,Y,Y,,,,,,,
,Ning-031,Mickey,2025 bowman draft super jumbo*2 隨機選秀團,棒球⚾️,隨機選秀,明尼蘇達雙城,2100,2100,,,Y,Y,,,,,,,
,Ning-031,道奇日籍帝國,2025 bowman draft super jumbo*2 隨機選秀團,棒球⚾️,隨機選秀,"德州遊騎兵
克羅拉多落磯",4000,4000,,,Y,Y,,,,,,,
,Ning-031,糖葫蘆,2025 bowman draft super jumbo*2 隨機選秀團,棒球⚾️,隨機選秀,"辛辛那提紅人
波士頓紅襪",4000,4000,,,Y,Y,,,,,,,
,Ning-031,聚寶,2025 bowman draft super jumbo*2 隨機選秀團,棒球⚾️,隨機選秀,"聖路易紅雀
亞利桑那響尾蛇",4000,4000,,,Y,Y,,,,,,,
,Ning-031,Trevor,2025 bowman draft super jumbo*2 隨機選秀團,棒球⚾️,隨機選秀,舊金山巨人,2100,2100,,,Y,Y,,,,,,,
,Ning-031,超吉大麥克,2025 bowman draft super jumbo*2 隨機選秀團,棒球⚾️,隨機選秀,"奧克蘭運動家
芝加哥小熊",4000,4000,,,Y,Y,,,,,,,
,Ning-031,As,2025 bowman draft super jumbo*2 隨機選秀團,棒球⚾️,隨機選秀,華盛頓國民,2100,2100,,,Y,Y,,,,,,,
,Ning-031,Derick,2025 bowman draft super jumbo*2 隨機選秀團,棒球⚾️,隨機選秀,紐約洋基,2100,2100,,,Y,Y,,,,,,,
,Ning-024,Ning,2025 Topps chrome Cosmic hobby*4 random team,棒球⚾️,隨機,隨機,1000,0,,,N,N,,,,,,,
,Ning-032,透明馬克杯,2025 bowman draft delight完整箱PYT(上）,棒球⚾️,PYT,PYT-國民,6200,6200,,已結清,Y,Y,,,,,,,
,Ning-032,阿展,2025 bowman draft delight完整箱PYT(上）,棒球⚾️,PYT,PYT-海盜,5200,5200,,已結清,Y,Y,,,,,,,
,Ning-032,道奇日籍帝國,2025 bowman draft delight完整箱PYT(上）,棒球⚾️,PYT,PYT-水手,5000,5000,,,Y,Y,,,,,,,
,Ning-032,馬,2025 bowman draft delight完整箱PYT(上）,棒球⚾️,PYT,PYT-紅雀,4800,4270,,,Y,Y,,,,,,,
,Ning-032,WAI,2025 bowman draft delight完整箱PYT(上）,棒球⚾️,PYT,PYT-白襪、道奇,7900,7900,,已結清,Y,Y,,,,,,,
,Ning-032,超吉大麥克,2025 bowman draft delight完整箱PYT(上）,棒球⚾️,PYT,PYT-藍鳥,4500,4500,,,Y,Y,,,,,,,
,Ning-032,Allen,2025 bowman draft delight完整箱PYT(上）,棒球⚾️,PYT,PYT-運動家,4000,4000,,,Y,Y,,,,,,,
,Ning-032,小P,2025 bowman draft delight完整箱PYT(上）,棒球⚾️,PYT,PYT-遊騎兵,3600,3600,,已結清,Y,Y,,,,,,,
,Ning-032,韋恩,2025 bowman draft delight完整箱PYT(上）,棒球⚾️,PYT,PYT-洋基、光芒,5000,5000,,,Y,Y,,,,,,,
,Ning-032,AAC1788,2025 bowman draft delight完整箱PYT(上）,棒球⚾️,PYT,PYT-紅人,3400,3400,,已結清,Y,Y,,,,,,,
,Ning-032,微塵,2025 bowman draft delight完整箱PYT(上）,棒球⚾️,PYT,PYT-天使、落磯、馬林魚,5400,5400,,,Y,Y,,,,,,,
,Ning-032,易拉罐,2025 bowman draft delight完整箱PYT(上）,棒球⚾️,PYT,PYT-太空人,3200,3200,,已結清,Y,Y,,,,,,,
,Ning-032,HudsonH,2025 bowman draft delight完整箱PYT(上）,棒球⚾️,PYT,PYT-皇家,3100,3100,,已結清,Y,Y,,,,,,,
,Ning-032,中大獎,2025 bowman draft delight完整箱PYT(上）,棒球⚾️,PYT,PYT-小熊,3000,3000,,已結清,Y,Y,,,,,,,
,Ning-032,KK,2025 bowman draft delight完整箱PYT(上）,棒球⚾️,PYT,PYT-巨人,3000,3000,,,Y,Y,,,,,,,
,Ning-032,STH89,2025 bowman draft delight完整箱PYT(上）,棒球⚾️,PYT,PYT-金鶯,2800,1970,,,Y,Y,,,,,,,
,Ning-032,Tatis7,2025 bowman draft delight完整箱PYT(上）,棒球⚾️,PYT,PYT-響尾蛇,2750,2750,,,Y,Y,,,,,,,
,Ning-032,As,2025 bowman draft delight完整箱PYT(上）,棒球⚾️,PYT,PYT-老虎,2600,2600,,,Y,Y,,,,,,,
,Ning-032,Cyy,2025 bowman draft delight完整箱PYT(上）,棒球⚾️,PYT,PYT-紅襪,2500,2500,,,Y,Y,,,,,,,
,Ning-032,迷途小卡奴,2025 bowman draft delight完整箱PYT(上）,棒球⚾️,PYT,PYT-勇士,2200,2200,,已結清,Y,Y,,,,,,,
,Ning-032,Ozzy,2025 bowman draft delight完整箱PYT(上）,棒球⚾️,PYT,PYT-釀酒人、教士,2800,2800,,已結清,Y,Y,,,,,,,
,Ning-032,Hato,2025 bowman draft delight完整箱PYT(上）,棒球⚾️,PYT,PYT-費城人,1800,1800,,,Y,Y,,,,,,,
,Ning-032,Ryan,2025 bowman draft delight完整箱PYT(上）,棒球⚾️,PYT,PYT-大都會,1100,1100,,,Y,Y,,,,,,,
,Ning-032,NickL,2025 bowman draft delight完整箱PYT(上）,棒球⚾️,PYT,PYT-守護者,1000,1000,,已結清,Y,Y,,,,,,,
,Ning-032,Trevor,2025 bowman draft delight完整箱PYT(上）,棒球⚾️,PYT,PYT-雙城,900,900,,已結清,Y,N,,,,,,,
,Ning-032,透明馬克杯,2025 bowman draft delight完整箱PYT(下),棒球⚾️,PYT,PYT-國民,6200,6200,,已結清,Y,Y,,,,,,,
,Ning-032,阿展,2025 bowman draft delight完整箱PYT(下),棒球⚾️,PYT,PYT-海盜,5200,5200,,已結清,Y,Y,,,,,,,
,Ning-032,道奇日籍帝國,2025 bowman draft delight完整箱PYT(下),棒球⚾️,PYT,PYT-水手,5000,5000,,,Y,Y,,,,,,,
,Ning-032,馬,2025 bowman draft delight完整箱PYT(下),棒球⚾️,PYT,PYT-紅雀,4800,4800,,,Y,Y,,,,,,,
,Ning-032,蘿蔔黃,2025 bowman draft delight完整箱PYT(下),棒球⚾️,PYT,PYT-白襪,4500,4500,,,Y,Y,,,,,,,
,Ning-032,超吉大麥克,2025 bowman draft delight完整箱PYT(下),棒球⚾️,PYT,PYT-藍鳥,4500,4500,,,Y,Y,,,,,,,
,Ning-032,Allen,2025 bowman draft delight完整箱PYT(下),棒球⚾️,PYT,PYT-運動家,4000,4000,,,Y,Y,,,,,,,
,Ning-032,As,2025 bowman draft delight完整箱PYT(下),棒球⚾️,PYT,PYT-遊騎兵,3600,3600,,,Y,Y,,,,,,,
,Ning-032,韋恩,2025 bowman draft delight完整箱PYT(下),棒球⚾️,PYT,PYT-洋基,3600,3600,,,Y,Y,,,,,,,
,Ning-032,AAC1788,2025 bowman draft delight完整箱PYT(下),棒球⚾️,PYT,PYT-紅人,3400,3400,,已結清,Y,Y,,,,,,,
,Ning-032,微塵,2025 bowman draft delight完整箱PYT(下),棒球⚾️,PYT,PYT-天使、落磯、馬林魚,5400,5400,,,Y,Y,,,,,,,
,Ning-032,WAI,2025 bowman draft delight完整箱PYT(下),棒球⚾️,PYT,PYT-道奇,3400,3400,,已結清,Y,Y,,,,,,,
,Ning-032,易拉罐,2025 bowman draft delight完整箱PYT(下),棒球⚾️,PYT,PYT-太空人,3200,3200,,已結清,Y,Y,,,,,,,
,Ning-032,HudsonH,2025 bowman draft delight完整箱PYT(下),棒球⚾️,PYT,PYT-皇家,3100,3100,,已結清,Y,Y,,,,,,,
,Ning-032,Youshi,2025 bowman draft delight完整箱PYT(下),棒球⚾️,PYT,PYT-小熊,3000,3000,,已結清,Y,Y,,,,,,,
,Ning-032,KK,2025 bowman draft delight完整箱PYT(下),棒球⚾️,PYT,PYT-巨人,3000,3000,,,Y,Y,,,,,,,
,Ning-032,STH89,2025 bowman draft delight完整箱PYT(下),棒球⚾️,PYT,PYT-金鶯,2800,2800,,,Y,Y,,,,,,,
,Ning-032,Tatis7,2025 bowman draft delight完整箱PYT(下),棒球⚾️,PYT,PYT-響尾蛇,2750,2750,,,Y,Y,,,,,,,
,Ning-032,Ozzy,2025 bowman draft delight完整箱PYT(下),棒球⚾️,PYT,PYT-老虎、教士,3400,3400,,已結清,Y,Y,,,,,,,
,Ning-032,Cyy,2025 bowman draft delight完整箱PYT(下),棒球⚾️,PYT,PYT-紅襪,2500,2500,,,Y,Y,,,,,,,
,Ning-032,迷途小卡奴,2025 bowman draft delight完整箱PYT(下),棒球⚾️,PYT,PYT-勇士,2200,2200,,已結清,Y,Y,,,,,,,
,Ning-032,西打,2025 bowman draft delight完整箱PYT(下),棒球⚾️,PYT,PYT-釀酒人,2000,2000,,已結清,Y,Y,,,,,,,
,Ning-032,Hato,2025 bowman draft delight完整箱PYT(下),棒球⚾️,PYT,PYT-費城人,1800,1800,,,Y,Y,,,,,,,
,Ning-032,館粉,2025 bowman draft delight完整箱PYT(下),棒球⚾️,PYT,PYT-光芒,1400,1400,,,Y,Y,,,,,,,
,Ning-032,Ryan,2025 bowman draft delight完整箱PYT(下),棒球⚾️,PYT,PYT-大都會,1100,1100,,,Y,Y,,,,,,,
,Ning-032,NickL,2025 bowman draft delight完整箱PYT(下),棒球⚾️,PYT,PYT-守護者,1000,1000,,已結清,Y,Y,,,,,,,
,Ning-032,Trevor,2025 bowman draft delight完整箱PYT(下),棒球⚾️,PYT,PYT-雙城,900,900,,已結清,Y,N,,,,,,,
,Ning-033,透明馬克杯,2024 bowman draft super jumbo *1 random team,棒球⚾️,隨機,"隨機-聖地牙哥教士 
隨機-邁阿密馬林魚",3300,3300,,,Y,N,,,,,,,
,Ning-033,HudsonH,2024 bowman draft super jumbo *1 random team,棒球⚾️,隨機,"隨機-波士頓紅襪 
隨機-密爾瓦基釀酒人",3300,3300,,已結清,Y,N,,,,,,,
,Ning-033,厚哩薛,2024 bowman draft super jumbo *1 random team,棒球⚾️,隨機,"隨機-亞特蘭大勇士 
隨機-紐約洋基",3300,3300,,,Y,N,,,,,,,
,Ning-033,蘿蔔黃,2024 bowman draft super jumbo *1 random team,棒球⚾️,隨機,隨機-巴爾的摩金鶯,1700,1700,,,Y,N,,,,,,,
,Ning-033,STH89,2024 bowman draft super jumbo *1 random team,棒球⚾️,隨機,"隨機-西雅圖水手 
隨機-華盛頓國民",3300,3300,,,Y,Y,,,,,,,
,Ning-033,迷途小卡奴,2024 bowman draft super jumbo *1 random team,棒球⚾️,隨機,"隨機-多倫多藍鳥 
隨機-洛杉磯道奇",3300,3300,,已結清,Y,Y,,,,,,,
,Ning-033,Cyy,2024 bowman draft super jumbo *1 random team,棒球⚾️,隨機,隨機-堪薩斯市皇家,1700,1700,,已結清,Y,N,,,,,,,
,Ning-033,館粉,2024 bowman draft super jumbo *1 random team,棒球⚾️,隨機,"隨機-舊金山巨人 
隨機-芝加哥白襪",3300,3300,,,Y,N,,,,,,,
,Ning-033,Archi,2024 bowman draft super jumbo *1 random team,棒球⚾️,隨機,隨機-匹茲堡海盜,1700,1700,,已結清,Y,N,,,,,,,
,Ning-033,聚寶,2024 bowman draft super jumbo *1 random team,棒球⚾️,隨機,"隨機-克羅拉多落磯 
隨機-亞利桑那響尾蛇",3300,3300,,已結清,Y,N,,,,,,,
,Ning-033,谷惑仔,2024 bowman draft super jumbo *1 random team,棒球⚾️,隨機,"隨機-奧克蘭運動家 
隨機-聖路易紅雀",3300,2380,,付款確認中,Y,N,,,,,,,
,Ning-033,超吉大麥克,2024 bowman draft super jumbo *1 random team,棒球⚾️,隨機,"隨機-坦帕光芒 
隨機-明尼蘇達雙城",3300,3300,,,Y,N,,,,,,,
,Ning-033,Allen,2024 bowman draft super jumbo *1 random team,棒球⚾️,隨機,"隨機-辛辛那提紅人 
隨機-德州遊騎兵",3300,3300,,,Y,N,,,,,,,
,Ning-033,微塵,2024 bowman draft super jumbo *1 random team,棒球⚾️,隨機,"隨機-休士頓太空人 
隨機-費城費城人",3300,2800,,,Y,N,,,,,,,
,Ning-033,ArYuan阿元,2024 bowman draft super jumbo *1 random team,棒球⚾️,隨機,"隨機-克里夫蘭守護者 
隨機-底特律老虎",3300,0,,,Y,Y,,,,,,,
,Ning-033,一之一小張,2024 bowman draft super jumbo *1 random team,棒球⚾️,隨機,"隨機-洛杉磯天使 
隨機-紐約大都會",3300,3300,,,Y,N,,,,,,,
,Ning-033,韋恩,2024 bowman draft super jumbo *1 random team,棒球⚾️,隨機,隨機-芝加哥小熊,1700,1700,,,Y,N,,,,,,,
,Ning-034,AAC1788,2024 bowman draft super jumbo *1 隨機團,棒球⚾️,隨機,隨機-舊金山巨人,1700,1700,,,Y,N,,,,,,,
,Ning-034,聚寶,2024 bowman draft super jumbo *1 隨機團,棒球⚾️,隨機,"隨機-德州遊騎兵 
隨機-密爾瓦基釀酒人",3300,3300,,已結清,Y,N,,,,,,,
,Ning-034,道奇日籍帝國,2024 bowman draft super jumbo *1 隨機團,棒球⚾️,隨機,"隨機-休士頓太空人 
隨機-亞特蘭大勇士",3300,3300,,,Y,N,,,,,,,
,Ning-034,蘿蔔黃,2024 bowman draft super jumbo *1 隨機團,棒球⚾️,隨機,隨機-底特律老虎,1700,1700,,,Y,N,,,,,,,
,Ning-034,Allen,2024 bowman draft super jumbo *1 隨機團,棒球⚾️,隨機,"隨機-紐約洋基 
隨機-明尼蘇達雙城",3300,3300,,,Y,N,,,,,,,
,Ning-034,STH89,2024 bowman draft super jumbo *1 隨機團,棒球⚾️,隨機,隨機-多倫多藍鳥,1700,1700,,,Y,Y,,,,,,,
,Ning-034,PIG👀,2024 bowman draft super jumbo *1 隨機團,棒球⚾️,隨機,"隨機-辛辛那提紅人 
隨機-坦帕光芒 
隨機-西雅圖水手 
隨機-洛杉磯天使 
隨機-克羅拉多落磯",8250,8250,,,Y,N,,,,,,,
,Ning-034,嗨嗨,2024 bowman draft super jumbo *1 隨機團,棒球⚾️,隨機,隨機-堪薩斯市皇家,1700,1700,,,Y,N,,,,,,,
,Ning-034,透明馬克杯,2024 bowman draft super jumbo *1 隨機團,棒球⚾️,隨機,"隨機-邁阿密馬林魚 
隨機-聖地牙哥教士",3300,3300,,,Y,N,,,,,,,
,Ning-034,HudsonH,2024 bowman draft super jumbo *1 隨機團,棒球⚾️,隨機,隨機-芝加哥小熊,1700,1700,,已結清,Y,N,,,,,,,
,Ning-034,小山本,2024 bowman draft super jumbo *1 隨機團,棒球⚾️,隨機,隨機-匹茲堡海盜,1700,1700,,,Y,N,,,,,,,
,Ning-034,容,2024 bowman draft super jumbo *1 隨機團,棒球⚾️,隨機,隨機-紐約大都會,1700,1700,,已結清,Y,N,,,,,,,
,Ning-034,As,2024 bowman draft super jumbo *1 隨機團,棒球⚾️,隨機,隨機-亞利桑那響尾蛇,1700,1700,,,Y,N,,,,,,,
,Ning-034,超吉厲害,2024 bowman draft super jumbo *1 隨機團,棒球⚾️,隨機,"隨機-克里夫蘭守護者 
隨機-洛杉磯道奇",3300,3300,,,Y,N,,,,,,,
,Ning-034,超吉大麥克,2024 bowman draft super jumbo *1 隨機團,棒球⚾️,隨機,"隨機-巴爾的摩金鶯 
隨機-華盛頓國民",3300,3300,,,Y,N,,,,,,,
,Ning-034,CC,2024 bowman draft super jumbo *1 隨機團,棒球⚾️,隨機,隨機-費城費城人,1700,1700,,,Y,N,,,,,,,
,Ning-034,微塵,2024 bowman draft super jumbo *1 隨機團,棒球⚾️,隨機,"隨機-聖路易紅雀 
隨機-芝加哥白襪",3300,3300,,已結清,Y,N,,,,,,,
,Ning-034,傑森,2024 bowman draft super jumbo *1 隨機團,棒球⚾️,隨機,隨機-奧克蘭運動家,1700,1700,,已結清,Y,N,,,,,,,
,Ning-034,Trevor,2024 bowman draft super jumbo *1 隨機團,棒球⚾️,隨機,隨機-波士頓紅襪,1700,1700,,已結清,Y,N,,,,,,,
,Ning-035,歐陽鋒,2025 Topps update Japan series random team,棒球⚾️,隨機,隨機Ａ-芝加哥白襪,750,750,,,Y,N,,,,,,,
,Ning-035,容,2025 Topps update Japan series random team,棒球⚾️,隨機,"隨機Ａ-洛杉磯道奇 
隨機C-西雅圖水手",1350,1350,,,Y,N,,,,,,,
,Ning-035,迷途小卡奴,2025 Topps update Japan series random team,棒球⚾️,隨機,"隨機Ａ-奧克蘭運動家 
隨機B-西雅圖水手 
隨機B-匹茲堡海盜",2000,2000,,,Y,N,,,,,,,
,Ning-035,HudsonH,2025 Topps update Japan series random team,棒球⚾️,隨機,"隨機Ａ-休士頓太空人 
隨機Ａ-芝加哥小熊 
隨機B-奧克蘭運動家 
隨機B-巴爾的摩金鶯 
隨機B-聖地牙哥教士 
隨機C-巴爾的摩金鶯",4000,4000,,已結清,Y,N,,,,,,,
,Ning-035,AAAAA,2025 Topps update Japan series random team,棒球⚾️,隨機,隨機Ａ-明尼蘇達雙城,750,750,,,Y,N,,,,,,,
,Ning-035,As,2025 Topps update Japan series random team,棒球⚾️,隨機,"隨機B-芝加哥白襪 
隨機C-紐約大都會 
隨機C-明尼蘇達雙城",2000,2000,,,Y,N,,,,,,,
,Ning-035,頎,2025 Topps update Japan series random team,棒球⚾️,隨機,隨機C-底特律老虎,750,750,,,Y,N,,,,,,,
,Ning-035,F,2025 Topps update Japan series random team,棒球⚾️,隨機,"隨機Ａ-巴爾的摩金鶯 
隨機B-德州遊騎兵",1350,1350,,,Y,N,,,,,,,
,Ning-035,Mish,2025 Topps update Japan series random team,棒球⚾️,隨機,"隨機Ａ-辛辛那提紅人 
隨機B-克里夫蘭守護者 
隨機C-匹茲堡海盜",2000,2000,,,Y,N,,,,,,,
,Ning-035,木南可可,2025 Topps update Japan series random team,棒球⚾️,隨機,"隨機B-坦帕光芒 
隨機C-奧克蘭運動家 
隨機C-華盛頓國民",2000,2000,,,Y,N,,,,,,,
,Ning-035,聚寶,2025 Topps update Japan series random team,棒球⚾️,隨機,"隨機Ａ-聖路易紅雀 
隨機Ａ-紐約洋基 
隨機Ａ-坦帕光芒 
隨機Ａ-聖地牙哥教士 
隨機B-波士頓紅襪 
隨機C-紐約洋基 
隨機C-洛杉磯道奇 
隨機C-克里夫蘭守護者 
隨機C-費城費城人",6000,6000,,已結清,Y,N,,,,,,,
,Ning-035,小揚,2025 Topps update Japan series random team,棒球⚾️,隨機,"隨機Ａ-舊金山巨人 
隨機Ａ-費城費城人 
隨機C-德州遊騎兵",2000,2000,,,Y,N,,,,,,,
,Ning-035,Ozzy,2025 Topps update Japan series random team,棒球⚾️,隨機,"隨機Ａ-克里夫蘭守護者 
隨機B-費城費城人 
隨機C-亞特蘭大勇士",2000,1700,,付款確認中,Y,N,,,,,,,
,Ning-035,chenj,2025 Topps update Japan series random team,棒球⚾️,隨機,"隨機Ａ-紐約大都會 
隨機C-舊金山巨人",1350,1350,,已結清,Y,N,,,,,,,
,Ning-035,小P,2025 Topps update Japan series random team,棒球⚾️,隨機,隨機B-堪薩斯市皇家,750,750,,已結清,Y,N,,,,,,,
,Ning-035,查理,2025 Topps update Japan series random team,棒球⚾️,隨機,"隨機Ａ-德州遊騎兵 
隨機Ａ-堪薩斯市皇家 
隨機Ａ-亞利桑那響尾蛇",2000,2000,,,Y,N,,,,,,,
,Ning-035,Bowkaka,2025 Topps update Japan series random team,棒球⚾️,隨機,"隨機B-聖路易紅雀 
隨機C-邁阿密馬林魚 
隨機C-坦帕光芒",2000,2000,,已結清,Y,N,,,,,,,
,Ning-035,馬,2025 Topps update Japan series random team,棒球⚾️,隨機,"隨機Ａ-邁阿密馬林魚 
隨機C-聖路易紅雀 
隨機C-密爾瓦基釀酒人",2000,2000,,,Y,N,,,,,,,
,Ning-035,微塵,2025 Topps update Japan series random team,棒球⚾️,隨機,隨機C-克羅拉多落磯,750,750,,已結清,Y,N,,,,,,,
,Ning-035,STH89,2025 Topps update Japan series random team,棒球⚾️,隨機,"隨機Ａ-亞特蘭大勇士 
隨機B-密爾瓦基釀酒人 
隨機C-堪薩斯市皇家 
隨機C-波士頓紅襪 
隨機C-洛杉磯天使 
隨機C-辛辛那提紅人",4000,4000,,,Y,N,,,,,,,
,Ning-035,KK,2025 Topps update Japan series random team,棒球⚾️,隨機,"隨機B-亞特蘭大勇士 
隨機B-華盛頓國民 
隨機C-亞利桑那響尾蛇",2000,2000,,,Y,N,,,,,,,
,Ning-035,Wu.,2025 Topps update Japan series random team,棒球⚾️,隨機,"隨機Ａ-底特律老虎 
隨機B-休士頓太空人 
隨機B-克羅拉多落磯",2000,2000,,已結清,Y,N,,,,,,,
,Ning-035,羔羊,2025 Topps update Japan series random team,棒球⚾️,隨機,"隨機Ａ-波士頓紅襪 
隨機B-舊金山巨人 
隨機B-紐約洋基 
隨機B-紐約大都會 
隨機B-辛辛那提紅人 
隨機C-芝加哥小熊",4000,4000,,,Y,N,,,,,,,
,Ning-035,傑森,2025 Topps update Japan series random team,棒球⚾️,隨機,"隨機Ａ-西雅圖水手 
隨機C-聖地牙哥教士",1350,1350,,,Y,N,,,,,,,
,Ning-035,Hato,2025 Topps update Japan series random team,棒球⚾️,隨機,"隨機B-邁阿密馬林魚 
隨機B-亞利桑那響尾蛇 
隨機C-多倫多藍鳥",2000,2000,,,Y,N,,,,,,,
,Ning-035,廷,2025 Topps update Japan series random team,棒球⚾️,隨機,"隨機Ａ-華盛頓國民 
隨機Ａ-洛杉磯天使 
隨機B-芝加哥小熊",2000,2000,,,Y,N,,,,,,,
,Ning-035,小張,2025 Topps update Japan series random team,棒球⚾️,隨機,"隨機B-洛杉磯道奇 
隨機B-多倫多藍鳥 
隨機B-明尼蘇達雙城",2000,2000,,,Y,N,,,,,,,
,Ning-035,Mickey,2025 Topps update Japan series random team,棒球⚾️,隨機,"隨機Ａ-密爾瓦基釀酒人 
隨機Ａ-克羅拉多落磯 
隨機Ａ-匹茲堡海盜",2000,2000,,已結清,Y,N,,,,,,,
,Ning-035,Cyy,2025 Topps update Japan series random team,棒球⚾️,隨機,"隨機Ａ-多倫多藍鳥 
隨機C-芝加哥白襪",1350,1350,,已結清,Y,N,,,,,,,
,Ning-035,MIXER,2025 Topps update Japan series random team,棒球⚾️,隨機,"隨機B-底特律老虎 
隨機B-洛杉磯天使 
隨機C-休士頓太空人",2000,2000,,已結清,Y,N,,,,,,,
,Ning-036,迷途小卡奴,2024 Bowman draft super jumbo box*1 random team,棒球⚾️,隨機,"隨機-多倫多藍鳥 
隨機-聖路易紅雀",3300,3300,,,Y,N,,,,,,,
,Ning-036,HudsonH,2024 Bowman draft super jumbo box*1 random team,棒球⚾️,隨機,"隨機-洛杉磯道奇 
隨機-紐約洋基",3300,3300,,已結清,Y,N,,,,,,,
,Ning-036,Ozzy,2024 Bowman draft super jumbo box*1 random team,棒球⚾️,隨機,隨機-堪薩斯市皇家,1700,1700,,已結清,Y,N,,,,,,,
,Ning-036,STH89,2024 Bowman draft super jumbo box*1 random team,棒球⚾️,隨機,"隨機-克羅拉多落磯 
隨機-波士頓紅襪",3300,1100,,已結清,Y,N,,,,,,,
,Ning-036,肚肚餓餓的,2024 Bowman draft super jumbo box*1 random team,棒球⚾️,隨機,隨機-密爾瓦基釀酒人,1700,1700,,,Y,N,,,,,,,
,Ning-036,PIG👀,2024 Bowman draft super jumbo box*1 random team,棒球⚾️,隨機,"隨機-奧克蘭運動家 
隨機-辛辛那提紅人 
隨機-芝加哥白襪",4950,4950,,,Y,N,,,,,,,
,Ning-036,阿亮,2024 Bowman draft super jumbo box*1 random team,棒球⚾️,隨機,隨機-費城費城人,1700,1700,,,Y,N,,,,,,,
,Ning-036,超吉大麥克,2024 Bowman draft super jumbo box*1 random team,棒球⚾️,隨機,"隨機-明尼蘇達雙城 
隨機-華盛頓國民",3300,3300,,,Y,N,,,,,,,
,Ning-036,微塵,2024 Bowman draft super jumbo box*1 random team,棒球⚾️,隨機,"隨機-坦帕光芒 
隨機-克里夫蘭守護者",3300,3300,,,Y,N,,,,,,,
,Ning-036,Ning,2024 Bowman draft super jumbo box*1 random team,棒球⚾️,隨機,隨機-德州遊騎兵,1700,0,,,Y,N,,,,,,,
,Ning-036,透明馬克杯,2024 Bowman draft super jumbo box*1 random team,棒球⚾️,隨機,隨機-邁阿密馬林魚,1700,1700,,,Y,N,,,,,,,
,Ning-036,As,2024 Bowman draft super jumbo box*1 random team,棒球⚾️,隨機,隨機-西雅圖水手,1700,1700,,,Y,N,,,,,,,
,Ning-036,Bowkaka,2024 Bowman draft super jumbo box*1 random team,棒球⚾️,隨機,隨機-聖地牙哥教士,1700,1700,,已結清,Y,N,,,,,,,
,Ning-036,Cyy,2024 Bowman draft super jumbo box*1 random team,棒球⚾️,隨機,隨機-芝加哥小熊,1700,1700,,,Y,N,,,,,,,
,Ning-036,KAGU_CARDS,2024 Bowman draft super jumbo box*1 random team,棒球⚾️,隨機,隨機-巴爾的摩金鶯,1700,1700,,,Y,N,,,,,,,
,Ning-036,Archi,2024 Bowman draft super jumbo box*1 random team,棒球⚾️,隨機,"隨機-亞利桑那響尾蛇 
隨機-底特律老虎",3300,3300,,已結清,Y,N,,,,,,,
,Ning-036,小P,2024 Bowman draft super jumbo box*1 random team,棒球⚾️,隨機,隨機-紐約大都會,1700,1700,,已結清,Y,N,,,,,,,
,Ning-036,谷惑仔,2024 Bowman draft super jumbo box*1 random team,棒球⚾️,隨機,"隨機-匹茲堡海盜 
隨機-洛杉磯天使",3300,3300,,,Y,N,,,,,,,
,Ning-036,KK,2024 Bowman draft super jumbo box*1 random team,棒球⚾️,隨機,"隨機-亞特蘭大勇士 
隨機-舊金山巨人",3300,3300,,,Y,N,,,,,,,
,Ning-036,馬,2024 Bowman draft super jumbo box*1 random team,棒球⚾️,隨機,隨機-休士頓太空人,1700,1700,,,Y,N,,,,,,,
,Ning-037,MIXER,2026 Topps Series one hobby case random team(上),棒球⚾️,隨機,隨機-1柱,925,925,,,Y,N,,,,,,,
,Ning-037,蘿蔔黃,2026 Topps Series one hobby case random team(上),棒球⚾️,隨機,隨機-1柱,925,925,,,Y,N,,,,,,,
,Ning-037,AAC1788,2026 Topps Series one hobby case random team(上),棒球⚾️,隨機,隨機-1柱,925,925,,,Y,N,,,,,,,
,Ning-037,Ozzy,2026 Topps Series one hobby case random team(上),棒球⚾️,隨機,隨機-1柱,925,925,,已結清,Y,N,,,,,,,
,Ning-037,Few,2026 Topps Series one hobby case random team(上),棒球⚾️,隨機,隨機-1柱,925,925,,,Y,N,,,,,,,
,Ning-037,HudsonH,2026 Topps Series one hobby case random team(上),棒球⚾️,隨機,隨機-2柱,1850,1850,,已結清,Y,N,,,,,,,
,Ning-037,超吉大麥克,2026 Topps Series one hobby case random team(上),棒球⚾️,隨機,隨機-2柱,1850,1850,,,Y,N,,,,,,,
,Ning-037,STH89,2026 Topps Series one hobby case random team(上),棒球⚾️,隨機,隨機-1柱,925,925,,,Y,N,,,,,,,
,Ning-037,迷途小卡奴,2026 Topps Series one hobby case random team(上),棒球⚾️,隨機,隨機-1柱,925,925,,已結清,Y,N,,,,,,,
,Ning-037,中大獎,2026 Topps Series one hobby case random team(上),棒球⚾️,隨機,隨機-1柱,925,925,,已結清,Y,N,,,,,,,
,Ning-037,臘腸,2026 Topps Series one hobby case random team(上),棒球⚾️,隨機,隨機-1柱,925,925,,,Y,N,,,,,,,
,Ning-037,容,2026 Topps Series one hobby case random team(上),棒球⚾️,隨機,隨機-1柱,925,925,,,Y,N,,,,,,,
,Ning-037,KAGU_CARDS,2026 Topps Series one hobby case random team(上),棒球⚾️,隨機,隨機-1柱,925,925,,,Y,N,,,,,,,
,Ning-037,Cyy,2026 Topps Series one hobby case random team(上),棒球⚾️,隨機,隨機-1柱,925,925,,,Y,N,,,,,,,
,Ning-037,DD,2026 Topps Series one hobby case random team(上),棒球⚾️,隨機,隨機-1柱,925,925,,已結清,Y,N,,,,,,,
,Ning-037,F,2026 Topps Series one hobby case random team(上),棒球⚾️,隨機,隨機-1柱,925,925,,,Y,N,,,,,,,
,Ning-037,CC,2026 Topps Series one hobby case random team(上),棒球⚾️,隨機,隨機-1柱,925,925,,,Y,N,,,,,,,
,Ning-037,龍井伍佰,2026 Topps Series one hobby case random team(上),棒球⚾️,隨機,隨機-1柱,925,925,,,Y,N,,,,,,,
,Ning-037,小張,2026 Topps Series one hobby case random team(上),棒球⚾️,隨機,隨機-1柱,925,925,,,Y,N,,,,,,,
,Ning-037,聚寶,2026 Topps Series one hobby case random team(上),棒球⚾️,隨機,隨機-4柱,3700,3700,,已結清,Y,N,,,,,,,
,Ning-037,歐陽鋒,2026 Topps Series one hobby case random team(上),棒球⚾️,隨機,隨機-1柱,850,850,,,Y,N,,,,,,,
,Ning-037,Bowkaka,2026 Topps Series one hobby case random team(上),棒球⚾️,隨機,隨機-2柱,1850,1850,,已結清,Y,N,,,,,,,
,Ning-037,Youshi,2026 Topps Series one hobby case random team(上),棒球⚾️,隨機,隨機-1柱,925,925,,已結清,Y,N,,,,,,,
,Ning-037,預計歐洲旅遊中,2026 Topps Series one hobby case random team(上),棒球⚾️,隨機,隨機-1柱,925,925,,,Y,N,,,,,,,
,Ning-037,MIXER,2026 Topps Series one hobby case random team(下),棒球⚾️,隨機,隨機-1柱,925,925,,,Y,N,,,,,,,
,Ning-037,蘿蔔黃,2026 Topps Series one hobby case random team(下),棒球⚾️,隨機,隨機-1柱,925,925,,,Y,N,,,,,,,
,Ning-037,AAC1788,2026 Topps Series one hobby case random team(下),棒球⚾️,隨機,隨機-1柱,925,925,,,Y,N,,,,,,,
,Ning-037,Ozzy,2026 Topps Series one hobby case random team(下),棒球⚾️,隨機,隨機-1柱,925,925,,已結清,Y,N,,,,,,,
,Ning-037,Few,2026 Topps Series one hobby case random team(下),棒球⚾️,隨機,隨機-1柱,925,925,,,Y,N,,,,,,,
,Ning-037,HudsonH,2026 Topps Series one hobby case random team(下),棒球⚾️,隨機,隨機-2柱,1850,1850,,已結清,Y,N,,,,,,,
,Ning-037,超吉大麥克,2026 Topps Series one hobby case random team(下),棒球⚾️,隨機,隨機-2柱,1850,1850,,,Y,N,,,,,,,
,Ning-037,STH89,2026 Topps Series one hobby case random team(下),棒球⚾️,隨機,隨機-1柱,925,925,,,Y,N,,,,,,,
,Ning-037,迷途小卡奴,2026 Topps Series one hobby case random team(下),棒球⚾️,隨機,隨機-1柱,925,925,,已結清,Y,N,,,,,,,
,Ning-037,中大獎,2026 Topps Series one hobby case random team(下),棒球⚾️,隨機,隨機-1柱,925,925,,已結清,Y,N,,,,,,,
,Ning-037,臘腸,2026 Topps Series one hobby case random team(下),棒球⚾️,隨機,隨機-1柱,925,925,,,Y,N,,,,,,,
,Ning-037,容,2026 Topps Series one hobby case random team(下),棒球⚾️,隨機,隨機-1柱,925,925,,,Y,N,,,,,,,
,Ning-037,KAGU_CARDS,2026 Topps Series one hobby case random team(下),棒球⚾️,隨機,隨機-1柱,925,925,,,Y,N,,,,,,,
,Ning-037,Cyy,2026 Topps Series one hobby case random team(下),棒球⚾️,隨機,隨機-1柱,925,925,,,Y,N,,,,,,,
,Ning-037,DD,2026 Topps Series one hobby case random team(下),棒球⚾️,隨機,隨機-1柱,925,925,,已結清,Y,N,,,,,,,
,Ning-037,F,2026 Topps Series one hobby case random team(下),棒球⚾️,隨機,隨機-1柱,925,925,,,Y,N,,,,,,,
,Ning-037,CC,2026 Topps Series one hobby case random team(下),棒球⚾️,隨機,隨機-1柱,925,925,,,Y,N,,,,,,,
,Ning-037,龍井伍佰,2026 Topps Series one hobby case random team(下),棒球⚾️,隨機,隨機-1柱,925,925,,,Y,N,,,,,,,
,Ning-037,小張,2026 Topps Series one hobby case random team(下),棒球⚾️,隨機,隨機-1柱,925,925,,,Y,N,,,,,,,
,Ning-037,聚寶,2026 Topps Series one hobby case random team(下),棒球⚾️,隨機,隨機-4柱,3700,3700,,已結清,Y,N,,,,,,,
,Ning-037,歐陽鋒,2026 Topps Series one hobby case random team(下),棒球⚾️,隨機,隨機-1柱,850,850,,,Y,N,,,,,,,
,Ning-037,Bowkaka,2026 Topps Series one hobby case random team(下),棒球⚾️,隨機,隨機-2柱,1850,1550,,付款確認中,Y,N,,,,,,,
,Ning-037,Youshi,2026 Topps Series one hobby case random team(下),棒球⚾️,隨機,隨機-1柱,925,925,,已結清,Y,N,,,,,,,
,Ning-037,預計歐洲旅遊中,2026 Topps Series one hobby case random team(下),棒球⚾️,隨機,隨機-1柱,925,925,,,Y,N,,,,,,,
,Ning-038,透明馬克杯,2026 Topps series one jumbo case random team(上),棒球⚾️,隨機,隨機-3柱,2775,2775,,,Y,N,,,,,,,
,Ning-038,Trevor,2026 Topps series one jumbo case random team(上),棒球⚾️,隨機,隨機-1柱,925,925,,付款確認中,Y,N,,,,,,,
,Ning-038,勇君,2026 Topps series one jumbo case random team(上),棒球⚾️,隨機,隨機-1柱,950,950,,,Y,N,,,,,,,
,Ning-038,聚寶,2026 Topps series one jumbo case random team(上),棒球⚾️,隨機,隨機-6柱,5550,5550,,已結清,Y,N,,,,,,,
,Ning-038,超吉大麥克,2026 Topps series one jumbo case random team(上),棒球⚾️,隨機,隨機-1柱,925,925,,,Y,N,,,,,,,
,Ning-038,HudsonH,2026 Topps series one jumbo case random team(上),棒球⚾️,隨機,隨機-2柱,1850,1850,,已結清,Y,N,,,,,,,
,Ning-038,龍井伍佰,2026 Topps series one jumbo case random team(上),棒球⚾️,隨機,隨機-1柱,925,925,,,Y,N,,,,,,,
,Ning-038,小揚,2026 Topps series one jumbo case random team(上),棒球⚾️,隨機,隨機-1柱,925,925,,付款確認中,Y,N,,,,,,,
,Ning-038,拆好卡,2026 Topps series one jumbo case random team(上),棒球⚾️,隨機,隨機-1柱,925,925,,,Y,N,,,,,,,
,Ning-038,蘿蔔黃,2026 Topps series one jumbo case random team(上),棒球⚾️,隨機,隨機-1柱,925,925,,,Y,N,,,,,,,
,Ning-038,迷途小卡奴,2026 Topps series one jumbo case random team(上),棒球⚾️,隨機,隨機-1柱,925,925,,已結清,Y,N,,,,,,,
,Ning-038,Ozzy,2026 Topps series one jumbo case random team(上),棒球⚾️,隨機,隨機-1柱,925,925,,已結清,Y,N,,,,,,,
,Ning-038,谷惑仔,2026 Topps series one jumbo case random team(上),棒球⚾️,隨機,隨機-1柱,925,825,,已結清,Y,N,,,,,,,
,Ning-038,STH89,2026 Topps series one jumbo case random team(上),棒球⚾️,隨機,隨機-1柱,925,925,,,Y,N,,,,,,,
,Ning-038,Nova,2026 Topps series one jumbo case random team(上),棒球⚾️,隨機,隨機-1柱,950,950,,已結清,Y,N,,,,,,,
,Ning-038,見過花開就好了,2026 Topps series one jumbo case random team(上),棒球⚾️,隨機,隨機-1柱,925,925,,已結清,Y,N,,,,,,,
,Ning-038,容,2026 Topps series one jumbo case random team(上),棒球⚾️,隨機,隨機-1柱,925,925,,,Y,N,,,,,,,
,Ning-038,Cyy,2026 Topps series one jumbo case random team(上),棒球⚾️,隨機,隨機-1柱,925,925,,,Y,N,,,,,,,
,Ning-038,馬,2026 Topps series one jumbo case random team(上),棒球⚾️,隨機,隨機-1柱,925,925,,,Y,N,,,,,,,
,Ning-038,KAGU_CARDS,2026 Topps series one jumbo case random team(上),棒球⚾️,隨機,隨機-1柱,925,925,,,Y,N,,,,,,,
,Ning-038,中大獎,2026 Topps series one jumbo case random team(上),棒球⚾️,隨機,隨機-1柱,925,925,,已結清,Y,N,,,,,,,
,Ning-038,超吉-Packer,2026 Topps series one jumbo case random team(上),棒球⚾️,隨機,隨機-1柱,925,925,,已結清,Y,N,,,,,,,
,Ning-038,透明馬克杯,2026 Topps series one jumbo case random team(下),棒球⚾️,隨機,隨機-3柱,2775,2775,,,Y,N,,,,,,,
,Ning-038,Trevor,2026 Topps series one jumbo case random team(下),棒球⚾️,隨機,隨機-1柱,925,925,,付款確認中,Y,N,,,,,,,
,Ning-038,傑森,2026 Topps series one jumbo case random team(下),棒球⚾️,隨機,隨機-1柱,950,950,,,Y,N,,,,,,,
,Ning-038,聚寶,2026 Topps series one jumbo case random team(下),棒球⚾️,隨機,隨機-6柱,5550,5550,,已結清,Y,N,,,,,,,
,Ning-038,超吉大麥克,2026 Topps series one jumbo case random team(下),棒球⚾️,隨機,隨機-1柱,925,925,,,Y,N,,,,,,,
,Ning-038,HudsonH,2026 Topps series one jumbo case random team(下),棒球⚾️,隨機,隨機-2柱,1850,1850,,已結清,Y,N,,,,,,,
,Ning-038,龍井伍佰,2026 Topps series one jumbo case random team(下),棒球⚾️,隨機,隨機-1柱,925,925,,,Y,N,,,,,,,
,Ning-038,小揚,2026 Topps series one jumbo case random team(下),棒球⚾️,隨機,隨機-1柱,925,925,,付款確認中,Y,N,,,,,,,
,Ning-038,拆好卡,2026 Topps series one jumbo case random team(下),棒球⚾️,隨機,隨機-1柱,925,925,,,Y,N,,,,,,,
,Ning-038,蘿蔔黃,2026 Topps series one jumbo case random team(下),棒球⚾️,隨機,隨機-1柱,925,925,,,Y,N,,,,,,,
,Ning-038,迷途小卡奴,2026 Topps series one jumbo case random team(下),棒球⚾️,隨機,隨機-1柱,925,925,,已結清,Y,N,,,,,,,
,Ning-038,Ozzy,2026 Topps series one jumbo case random team(下),棒球⚾️,隨機,隨機-1柱,925,925,,已結清,Y,N,,,,,,,
,Ning-038,谷惑仔,2026 Topps series one jumbo case random team(下),棒球⚾️,隨機,隨機-1柱,925,925,,已結清,Y,N,,,,,,,
,Ning-038,STH89,2026 Topps series one jumbo case random team(下),棒球⚾️,隨機,隨機-1柱,925,925,,,Y,N,,,,,,,
,Ning-038,超吉-Packer,2026 Topps series one jumbo case random team(下),棒球⚾️,隨機,隨機-2柱,1850,1850,,已結清,Y,N,,,,,,,
,Ning-038,見過花開就好了,2026 Topps series one jumbo case random team(下),棒球⚾️,隨機,隨機-1柱,925,925,,已結清,Y,N,,,,,,,
,Ning-038,容,2026 Topps series one jumbo case random team(下),棒球⚾️,隨機,隨機-1柱,925,925,,,Y,N,,,,,,,
,Ning-038,Cyy,2026 Topps series one jumbo case random team(下),棒球⚾️,隨機,隨機-1柱,925,925,,,Y,N,,,,,,,
,Ning-038,馬,2026 Topps series one jumbo case random team(下),棒球⚾️,隨機,隨機-1柱,925,925,,,Y,N,,,,,,,
,Ning-038,KAGU_CARDS,2026 Topps series one jumbo case random team(下),棒球⚾️,隨機,隨機-1柱,925,925,,,Y,N,,,,,,,
,Ning-038,中大獎,2026 Topps series one jumbo case random team(下),棒球⚾️,隨機,隨機-1柱,925,925,,已結清,Y,N,,,,,,,
,Ning-039,透明馬克杯,2026 Topps series one hobby+jumbo case(上）,棒球⚾️,PYT,PYT-道奇、天使,9700,9700,,,N,N,,,,,,,
,Ning-039,Allen,2026 Topps series one hobby+jumbo case(上）,棒球⚾️,PYT,PYT-洋基、藍鳥,6500,6500,,,N,N,,,,,,,
,Ning-039,阿罵,2026 Topps series one hobby+jumbo case(上）,棒球⚾️,PYT,PYT-紅襪,4000,4000,,,N,N,,,,,,,
,Ning-039,HudsonH,2026 Topps series one hobby+jumbo case(上）,棒球⚾️,PYT,PYT-皇家、響尾蛇,4200,4200,,已結清,N,N,,,,,,,
,Ning-039,易拉罐,2026 Topps series one hobby+jumbo case(上）,棒球⚾️,PYT,PYT-大都會,3000,3000,,,N,N,,,,,,,
,Ning-039,Ozzy,2026 Topps series one hobby+jumbo case(上）,棒球⚾️,PYT,PYT-運動家、雙城、守護者,4000,4000,,已結清,N,N,,,,,,,
,Ning-039,谷惑仔,2026 Topps series one hobby+jumbo case(上）,棒球⚾️,PYT,PYT-水手,1800,1800,,已結清,N,N,,,,,,,
,Ning-039,微塵,2026 Topps series one hobby+jumbo case(上）,棒球⚾️,PYT,PYT-海盜,2200,2200,,,N,N,,,,,,,
,Ning-039,STH89,2026 Topps series one hobby+jumbo case(上）,棒球⚾️,PYT,PYT-金鶯、落磯,2500,0,,,N,N,,,,,,,
,Ning-039,小張,2026 Topps series one hobby+jumbo case(上）,棒球⚾️,PYT,PYT-國民,2000,2000,,,N,N,,,,,,,
,Ning-039,查理,2026 Topps series one hobby+jumbo case(上）,棒球⚾️,PYT,PYT-小熊,1800,1800,,,N,N,,,,,,,
,Ning-039,Hato,2026 Topps series one hobby+jumbo case(上）,棒球⚾️,PYT,PYT-勇士,1600,1600,,,N,N,,,,,,,
,Ning-039,小揚,2026 Topps series one hobby+jumbo case(上）,棒球⚾️,PYT,PYT-紅人,1500,1500,,已結清,N,N,,,,,,,
,Ning-039,KAGU_CARDS,2026 Topps series one hobby+jumbo case(上）,棒球⚾️,PYT,PYT-太空人,1200,0,,,N,N,,,,,,,
,Ning-039,Trevor,2026 Topps series one hobby+jumbo case(上）,棒球⚾️,PYT,PYT-白襪,1000,1000,,已結清,N,N,,,,,,,
,Ning-039,阿展,2026 Topps series one hobby+jumbo case(上）,棒球⚾️,PYT,PYT-老虎,800,800,,已結清,N,N,,,,,,,
,Ning-039,AAC1788,2026 Topps series one hobby+jumbo case(上）,棒球⚾️,PYT,PYT-巨人、紅雀,1500,1500,,,N,N,,,,,,,
,Ning-039,Assassin,2026 Topps series one hobby+jumbo case(上）,棒球⚾️,PYT,PYT-費城人,800,800,,已結清,N,N,,,,,,,
,Ning-039,RN,2026 Topps series one hobby+jumbo case(上）,棒球⚾️,PYT,PYT-教士,800,800,,已結清,N,N,,,,,,,
,Ning-039,Bowkaka,2026 Topps series one hobby+jumbo case(上）,棒球⚾️,PYT,PYT-光芒,700,700,,已結清,N,N,,,,,,,
,Ning-039,貓,2026 Topps series one hobby+jumbo case(上）,棒球⚾️,PYT,PYT-遊騎兵,700,700,,已結清,N,N,,,,,,,
,Ning-039,Cyy,2026 Topps series one hobby+jumbo case(上）,棒球⚾️,PYT,PYT-馬林魚,500,500,,已結清,N,N,,,,,,,
,Ning-039,透明馬克杯,2026 Topps series one hobby+jumbo case(下）,棒球⚾️,PYT,PYT-道奇、天使,9700,9700,,,N,N,,,,,,,
,Ning-039,Allen,2026 Topps series one hobby+jumbo case(下）,棒球⚾️,PYT,PYT-洋基、藍鳥,6500,6500,,,N,N,,,,,,,
,Ning-039,阿罵,2026 Topps series one hobby+jumbo case(下）,棒球⚾️,PYT,PYT-紅襪,4000,4000,,,N,N,,,,,,,
,Ning-039,HudsonH,2026 Topps series one hobby+jumbo case(下）,棒球⚾️,PYT,PYT-皇家、響尾蛇,4200,4200,,已結清,N,N,,,,,,,
,Ning-039,易拉罐,2026 Topps series one hobby+jumbo case(下）,棒球⚾️,PYT,PYT-大都會,3000,3000,,,N,N,,,,,,,
,Ning-039,Ozzy,2026 Topps series one hobby+jumbo case(下）,棒球⚾️,PYT,PYT-運動家、雙城、守護者,4000,4000,,已結清,N,N,,,,,,,
,Ning-039,湯圓爸爸,2026 Topps series one hobby+jumbo case(下）,棒球⚾️,PYT,PYT-釀酒人,2700,0,,,N,N,,,,,,,
,Ning-039,怪喵喵,2026 Topps series one hobby+jumbo case(下）,棒球⚾️,PYT,PYT-海盜,2200,2200,,已結清,N,N,,,,,,,
,Ning-039,STH89,2026 Topps series one hobby+jumbo case(下）,棒球⚾️,PYT,PYT-金鶯、落磯,2500,0,,,N,N,,,,,,,
,Ning-039,小張,2026 Topps series one hobby+jumbo case(下）,棒球⚾️,PYT,PYT-國民,2000,2000,,,N,N,,,,,,,
,Ning-039,中大獎,2026 Topps series one hobby+jumbo case(下）,棒球⚾️,PYT,PYT-水手,1800,1800,,已結清,N,N,,,,,,,
,Ning-039,查理,2026 Topps series one hobby+jumbo case(下）,棒球⚾️,PYT,PYT-小熊,1800,1800,,,N,N,,,,,,,
,Ning-039,Hato,2026 Topps series one hobby+jumbo case(下）,棒球⚾️,PYT,PYT-勇士,1600,1600,,,N,N,,,,,,,
,Ning-039,小揚,2026 Topps series one hobby+jumbo case(下）,棒球⚾️,PYT,PYT-紅人,1500,1500,,已結清,N,N,,,,,,,
,Ning-039,KAGU_CARDS,2026 Topps series one hobby+jumbo case(下）,棒球⚾️,PYT,PYT-太空人,1200,0,,,N,N,,,,,,,
,Ning-039,Trevor,2026 Topps series one hobby+jumbo case(下）,棒球⚾️,PYT,PYT-白襪,1000,1000,,已結清,N,N,,,,,,,
,Ning-039,阿展,2026 Topps series one hobby+jumbo case(下）,棒球⚾️,PYT,PYT-老虎,800,500,,付款確認中,N,N,,,,,,,
,Ning-039,AAC1788,2026 Topps series one hobby+jumbo case(下）,棒球⚾️,PYT,PYT-巨人、紅雀,1500,1500,,,N,N,,,,,,,
,Ning-039,Assassin,2026 Topps series one hobby+jumbo case(下）,棒球⚾️,PYT,PYT-費城人,800,800,,已結清,N,N,,,,,,,
,Ning-039,RN,2026 Topps series one hobby+jumbo case(下）,棒球⚾️,PYT,PYT-教士,800,800,,已結清,N,N,,,,,,,
,Ning-039,Bowkaka,2026 Topps series one hobby+jumbo case(下）,棒球⚾️,PYT,PYT-光芒,700,700,,已結清,N,N,,,,,,,
,Ning-039,貓,2026 Topps series one hobby+jumbo case(下）,棒球⚾️,PYT,PYT-遊騎兵,700,700,,已結清,N,N,,,,,,,
,Ning-039,Cyy,2026 Topps series one hobby+jumbo case(下）,棒球⚾️,PYT,PYT-馬林魚,500,500,,已結清,N,N,,,,,,,
,Ning-039,湯圓爸爸,2026 Topps series one hobby+jumbo case(上）,棒球⚾️,PYT,PYT-釀酒人,2700,0,,,N,N,,,,,,,