id,item_name,card_no,price,threshold_price,discount_threshold,min_group_quantity,can_draw_sp,can_draw_signature,can_draw_relic,can_draw_auto_relic,is_available,image_url_1,image_url_2,image_url_3,image_url_4,stock_status,is_box_preorder,can_direct_order,remaining_stock,description,ordered_quantity,scheduled_list_time,scheduled_delist_time,category,created_at,updated_at
,F1,53,,,,,,,,,N,,,,,V,,,,,1,,,其他,,
,Nick Kurtz 4轟,464,,,,,,,,,N,https://i.postimg.cc/8PyTDYHM/IMG-8205.jpg,,,,V,,,,,10,,,棒球,,
,沙胖,473,,,,,,,,,N,https://i.postimg.cc/7YBqDRVX/IMG-8204.jpg,,,,V,,,,,3,,,棒球,,
,鈴木一郎,474,,,,,,,,,N,https://i.postimg.cc/y8ksNTQF/IMG-8203.jpg,,,,V,,,,,5,,,棒球,,
,Darvish,489,,,,,,,,,N,https://i.postimg.cc/QdHhMq4c/IMG-8202.jpg,,,,V,,,,,6,,,棒球,,
,大谷千安,527,,,,,,,,,N,https://i.postimg.cc/kgBq5y1Q/IMG-7220.jpg,,,,V,,,,,24,,,棒球,,
,大谷40轟,537,,,,,,,,,N,https://i.postimg.cc/JzGMhQ66/IMG-7221.jpg,,,,V,,,,,5,,,棒球,,
,Bubba初登板,592,,,,,,,,,N,https://i.postimg.cc/9QrCfB8n/IMG-7703.jpg,,,,V,,,,,5,,,棒球,,
,Paul Skens,603,,,,,,,,,N,https://i.postimg.cc/6pytQhbs/IMG-7708.jpg,,,,V,,,,,5,,,棒球,,
,Cal Raleigh 最多轟,604,,,,,,,,,N,https://i.postimg.cc/cLr0Jc92/IMG-7709.jpg,,,,V,,,,,15,,,棒球,,
,Bubba首勝,617,,,,,,,,,N,https://i.postimg.cc/HkVdLtvC/IMG-7702.jpg,,,,V,,,,,10,,,棒球,,
,大谷道奇首勝,621,,,,,,,,,N,https://i.postimg.cc/cL2Zt825/IMG-7861.jpg,,,,V,,,,,30,,,棒球,,
,Schwarber 4HR,625,,,,,,,,,N,https://i.postimg.cc/mgJR1FJJ/IMG-7707.jpg,,,,V,,,,,2,,,棒球,,
,Tolle 1st Win,626,,,,,,,,,N,https://i.postimg.cc/2SMmLBMg/IMG-7706.jpg,,,,V,,,,,5,,,棒球,,
,Tong 1st Win,628,,,,,,,,,N,https://i.postimg.cc/kgz9RtLd/IMG-7705.jpg,,,,V,,,,,10,,,棒球,,
,大谷道奇百轟,650,,,,,,,,,N,https://i.postimg.cc/vZkMx6CM/IMG-7704.jpg,,,,V,,,,,13,,,棒球,,
,Caminero 40HR,652,,,,,,,,,N,https://i.postimg.cc/zG65HR4J/IMG-7860.jpg,,,,V,,,,,2,,,棒球,,
,法官洋基隊史第四全壘打,697,,,,,,,,,N,https://i.postimg.cc/Z52ZvyXY/IMG-7859.jpg,,,,V,,,,,15,,,棒球,,
,Nick Kurtz最遠滿貫砲,711,,,,,,,,,N,https://i.postimg.cc/jSmKnJBj/IMG-7858.jpg,,,,V,,,,,10,,,棒球,,
,Cal Raleigh/Mickey Mantle,719,,,,,,,,,N,https://i.postimg.cc/3rkwNYkk/IMG-7230.webp,,,,V,,,,,10,,,棒球,,
,Cal Raleigh/Ken Griffy Jr.,720,,,,,,,,,N,https://i.postimg.cc/2j15yr1H/IMG-7236.webp,,,,V,,,,,10,,,棒球,,
,大谷50HR/50Ks,721,,,,,,,,,N,https://i.postimg.cc/qvS06CWq/IMG-7252.jpg,,,,V,,,,,120,,,棒球,,
,柯蕭引退,734,,,,,,,,,N,https://i.postimg.cc/y8tB3S2W/IMG-8186.jpg,,,,V,,,,,65,,,棒球,,
,Mike Trout 400Hr,742,,,,,,,,,N,https://i.postimg.cc/y8tB3S2g/IMG-8185.jpg,,,,V,,,,,17,,,棒球,,
,James Wood 30HR,758,,,,,,,,,N,https://i.postimg.cc/QdwsKWvW/IMG-8184.jpg,,,,V,,,,,15,,,棒球,,
,Paul Skenes ERA below 2,763,,,,,,,,,N,https://i.postimg.cc/W4ZVG1Pb/IMG-8183.jpg,,,,V,,,,,15,,,棒球,,
,Aaron Judge 4x 50HR,764,,,,,,,,,N,https://i.postimg.cc/6QZKrpN3/IMG-8182.jpg,,,,V,,,,,15,,,棒球,,
,Cal Raleigh 60HR,765,,,,,,,,,N,https://i.postimg.cc/xdmQv1Sq/IMG-8181.jpg,,,,V,,,,,15,,,棒球,,
,4players 50HR,766,,,,,,,,,N,https://i.postimg.cc/s2WzYgRP/IMG-8180.jpg,,,,V,,,,,10,,,棒球,,
,PCA 30-30,775,,,,,,,,,N,https://i.postimg.cc/SK946xpn/IMG-8179.jpg,,,,V,,,,,6,,,棒球,,
,大谷最高單季55轟,790,,,,,,,,,N,https://i.postimg.cc/1zFSG3ZF/IMG-8178.jpg,,,,V,,,,,21,,,棒球,,
,Kershaw 例行賽最後先發,791,,,,,,,,,N,https://i.postimg.cc/SK946xpf/IMG-8177.jpg,,,,V,,,,,20,,,棒球,,
,法官史上最多全壘打打擊王,796,,,,,,,,,N,https://i.postimg.cc/fbdscRhv/IMG-8176.jpg,,,,V,,,,,6,,,棒球,,
,鈴木誠也,798,250,220,10,5,N,N,N,N,N,https://i.postimg.cc/brBY62Dv/IMG-8172.jpg,,,,V,,,,,5,,,棒球,,
,大谷季後賽雙響炮,802,250,220,10,5,Y,N,N,N,N,https://i.postimg.cc/sxNfnZQG/IMG-8173.jpg,,,,V,,,,,15,,,棒球,,
,西語老師,803,250,220,10,5,N,N,N,N,N,https://i.postimg.cc/d3xQWTkT/IMG-8174.jpg,,,,V,,,,,5,,,棒球,,
,山本分區賽先發,810,250,180,20,5,N,N,N,N,N,https://i.postimg.cc/J027TBDZ/IMG-8170.jpg,,,,V,,,,,25,,,棒球,,
,Cam Schlittler 分區賽先發,817,300,270,10,5,N,Y,N,N,N,https://i.postimg.cc/nVRLVNdd/IMG-8169.jpg,,,,V,,,,,15,,,棒球,,
,大谷季後賽首勝,821,300,270,10,5,N,N,Y,N,N,https://i.postimg.cc/658p8zgW/IMG-8167.jpg,,,,V,,,,,70,,,棒球,,
,朗希季後賽首救援,823,210,200,10,5,N,N,N,N,N,https://i.postimg.cc/FFWKFwPn/IMG-8168.jpg,,,,V,,,,,40,,,棒球,,
,小V葛季後賽滿貫砲,827,300,270,10,5,N,Y,N,N,N,https://i.postimg.cc/L4Cs4Gyr/IMG-8166.jpg,,,,V,,,,,5,,,棒球,,
,朗希季後賽2次救援成功,832,240,210,10,5,N,N,N,N,N,https://i.postimg.cc/sf62fb6F/IMG-7857.jpg,,,,V,,,,,15,,,棒球,,
,Misiorowski季後賽奪勝,833,300,300,10,5,N,Y,N,N,N,https://i.postimg.cc/05WN5hWR/IMG-8163.jpg,,,,V,,,,,10,,,棒球,,
,法官追平三分彈,838,300,270,10,5,Y,N,Y,Y,N,https://i.postimg.cc/05WN5hWs/IMG-8161.jpg,,,,V,,,,,10,,,棒球,,
,道奇晉級國聯冠軍賽,847,220,190,10,5,N,N,N,N,N,https://i.postimg.cc/NGJ0GZJB/IMG-8160.jpg,,,,V,,,,,6,,,棒球,,
,小金,853,,,,,,,,,N,https://i.postimg.cc/k5PSFDb5/IMG-8210.webp,,,,V,,,,,1,,,棒球,,
,Snell NLCS 完美先發,867,300,270,10,5,N,Y,N,N,N,https://i.postimg.cc/Y2nS2Tnt/IMG-8159.jpg,,,,V,,,,,5,,,棒球,,
,山本NLCS完投,870,300,270,10,5,Y,N,N,Y,N,https://i.postimg.cc/G37p367L/IMG-8158.jpg,,,,V,,,,,75,,,棒球,,
,西語老師季後賽4HR,869,210,190,10,5,N,N,N,N,N,https://i.postimg.cc/RCs0C2sZ/IMG-8157.jpg,,,,V,,,,,5,,,棒球,,
,Muncy道奇季後賽全壘打紀錄,868,300,270,10,5,N,Y,N,N,N,https://i.postimg.cc/J4szsKvR/IMG-8156.jpg,,,,V,,,,,10,,,棒球,,
,大谷季後賽先發10k+3HR,884,300,270,10,5,N,N,Y,Y,N,https://i.postimg.cc/pLj8Nw0F/IMG-8073.webp,https://i.postimg.cc/yYhqxdrY/IMG-8074.webp,,https://i.postimg.cc/pLj8Nw0F/IMG-8073.webp,V,,,,,410,,,棒球,,
,Cal Raleigh ALCS 關鍵全壘打,881,300,270,10,5,Y,N,Y,Y,N,https://i.postimg.cc/Z5j1PQSp/IMG-8077.jpg,https://i.postimg.cc/9Q1vPkhq/IMG-8078.webp,https://i.postimg.cc/6pzDVPXc/IMG-8079.webp,,V,,,,,5,,,棒球,,
,道奇奪下2025國聯冠軍,883,210,190,10,5,N,N,N,N,N,https://i.postimg.cc/y8nwhGHR/IMG-8080.webp,https://i.postimg.cc/FHG2b648/IMG-8081.webp,,,V,,,,,15,,,棒球,,
,Springer ALCS 逆轉三分砲,888,300,300,10,5,Y,Y,N,N,N,https://i.postimg.cc/mkRLBHgd/IMG-8131.webp,https://i.postimg.cc/7hVx6Z5c/IMG-8132.webp,https://i.postimg.cc/qqLkRvN5/IMG-8133.webp,,V,,,,,10,,,棒球,,
,藍鳥奪下2025美聯冠軍,890,300,275,10,5,N,N,Y,N,N,https://i.postimg.cc/C5NF1xR9/IMG-8136.webp,https://i.postimg.cc/hvgDcdGg/IMG-8137.webp,https://i.postimg.cc/prZ2TL9T/IMG-8138.webp,,V,,,,,5,,,棒球,,
,小葛 ALCS MVP,891,300,300,10,5,N,Y,N,N,N,https://i.postimg.cc/Hn2pxkJT/IMG-8140.webp,https://i.postimg.cc/RhRMFZ3N/IMG-8141.webp,,,V,,,,,10,,,棒球,,
,Luka Dončić 開幕戰43分,5,250,220,10,5,N,N,N,N,N,https://i.postimg.cc/Zq9PwpCN/IMG-8266.webp,,,,V,,,,,5,,,籃球,,
,Victor Wembanyama 25/26 球季初登板,19,300,275,10,5,N,Y,N,N,N,https://i.postimg.cc/q7tc1yz0/IMG-8255.webp,https://i.postimg.cc/43KvWVmJ/IMG-8256.webp,,,V,,,,,10,,,籃球,,
,Cooper Flagg NBA debut,6,300,275,10,5,N,Y,N,N,N,https://i.postimg.cc/GpBPXGHL/IMG-8257.webp,https://i.postimg.cc/wBt5wL7T/IMG-8258.webp,,,0,,,,,6,,,籃球,,
,Dylan Harper NBA debut,7,300,275,10,5,N,Y,N,N,N,https://i.postimg.cc/g0wyg8nc/IMG-8259.webp,https://i.postimg.cc/6Q7VMnyq/IMG-8260.webp,,,V,,,,,5,,,籃球,,
,Cooper Flagg/Dylan Harper 雙人Debut,8,300,275,10,5,N,Y,N,N,N,https://i.postimg.cc/tg1dBWYT/IMG-8261.webp,https://i.postimg.cc/s2BPT7vv/IMG-8262.webp,,,V,,,,,5,,,籃球,,
,Ace Bailey NBA debut,9,300,275,10,5,N,Y,N,N,N,https://i.postimg.cc/xdkG6McJ/IMG-8263.webp,https://i.postimg.cc/fb378mJS/IMG-8264.webp,,,V,,,,,5,,,籃球,,
,Kon Knueppel NBA debut,10,300,275,10,5,N,Y,N,N,N,https://i.postimg.cc/PqLbSYP8/IMG-8265.webp,https://i.postimg.cc/cJK7Fwrw/IMG-8267.webp,,,V,,,,,5,,,籃球,,
,Shohei Ohtani / Vladimir Guerrero Jr. 冠軍賽MVP,893,210,190,10,5,N,N,N,N,N,https://i.postimg.cc/Y9wCVLpv/IMG-8268.webp,,,,V,,,,,5,,,棒球,,
,藍鳥單局9分 WS第三多,898,300,275,10,5,N,N,Y,N,N,https://i.postimg.cc/MH0P1W71/IMG-8321.webp,https://i.postimg.cc/mZ76vS08/IMG-8322.webp,,,V,,,,,1,,,棒球,,
,Trey Yesavage WS先發史上2nd 年輕,894,250,220,10,5,N,N,N,N,N,https://i.postimg.cc/bY1F7RKm/IMG-8323.webp,,,,V,,,,,5,,,棒球,,
,山本WS完投勝,901,300,275,10,5,N,N,N,Y,N,https://i.postimg.cc/sXsC6221/IMG-8352.webp,https://i.postimg.cc/JnMC6hhj/IMG-8353.webp,,,V,,,,,85,,,棒球,,
,Orel Hershiser/山本 季後賽連續場次完投,902,300,275,10,5,N,Y,N,N,N,https://i.postimg.cc/wvgYfBBh/IMG-8354.webp,https://i.postimg.cc/tTpGSggd/IMG-8355.webp,,,V,,,,,35,,,棒球,,
,Will Klein 4局後援無失分,907,300,275,10,5,N,N,N,Y,N,https://i.postimg.cc/W4c5b6Cs/IMG-8376.webp,https://i.postimg.cc/R0xgVQyf/IMG-8377.webp,,,V,,,,,5,,,棒球,,
,Freeman WS G3再見全壘打,908,300,275,10,5,Y,N,Y,Y,N,https://i.postimg.cc/0N1V2dFd/IMG-8378.webp,https://i.postimg.cc/43RWNbq6/IMG-8379.webp,https://i.postimg.cc/8CgZPB9d/IMG-8380.webp,,V,,,,,35,,,棒球,,
,大谷單場9上壘,906,300,275,10,5,N,N,Y,Y,N,https://i.postimg.cc/k5PTXFzs/IMG-8381.webp,https://i.postimg.cc/0N1V2dFf/IMG-8382.webp,,,V,,,,,65,,,棒球,,
,Kershaw 化解滿壘危機,905,220,190,10,5,N,N,N,N,N,https://i.postimg.cc/k5NfVRPK/IMG-8383.webp,,,,V,,,,,15,,,棒球,,
,Edman 守備助道奇奪勝,904,220,190,10,5,N,N,N,N,N,https://i.postimg.cc/hG8pJQRL/IMG-8384.webp,,,,V,,,,,5,,,棒球,,
,大谷季後賽第三場多支全壘打,903,300,275,10,5,Y,N,Y,Y,N,https://i.postimg.cc/YSNb4LBn/IMG-8385.webp,https://i.postimg.cc/nLK0s9fy/IMG-8387.webp,,,V,,,,,60,,,棒球,,
,小V葛炮轟大谷,909,300,275,10,5,Y,N,Y,Y,N,https://i.postimg.cc/y879Mw95/IMG-8408.webp,https://i.postimg.cc/T3TmzZmB/IMG-8409.webp,https://i.postimg.cc/htKxkHTF/IMG-8410.webp,,V,,,,,15,,,棒球,,
,Davis Schneider / Vladimir Guerrero Jr. 開局back to back,912,300,275,10,5,N,N,Y,N,N,https://i.postimg.cc/jSPXfHs7/IMG-8423.webp,https://i.postimg.cc/y8cPRmV0/IMG-8424.webp,,,V,,,,,5,,,棒球,,
,Trey Yesavage WS單場12k,913,300,275,10,5,N,N,Y,N,N,https://i.postimg.cc/Njm4X6gx/IMG-8425.webp,https://i.postimg.cc/K8BNTPZD/IMG-8426.webp,,,V,,,,,15,,,棒球,,
,living set-Nick Kurtz,879,210,175,10,5,Y,N,N,N,N,https://i.postimg.cc/2St1CMpG/IMG-8427.webp,,,,V,,,,,20,,,棒球,,
,living set-LeBron James,1,210,175,10,5,Y,N,N,N,N,https://i.postimg.cc/t4cs9w0v/IMG-8428.webp,https://i.postimg.cc/x1ZX9hrF/IMG-8429.webp,https://i.postimg.cc/K8W1mwXH/IMG-8430.webp,,V,,,,,20,,,籃球,,
,山本WS背水一戰奪勝,916,300,275,10,5,N,N,N,Y,N,https://i.postimg.cc/cLrSxbzf/IMG-8471.webp,https://i.postimg.cc/13fQmjdY/IMG-8472.webp,,,V,,,,,65,,,棒球,,
,Betts關鍵安打,915,220,190,10,5,N,N,N,N,N,https://i.postimg.cc/3JLhHTtm/IMG-8474.webp,,,,V,,,,,5,,,棒球,,
,Kike 超神再見雙殺,918,220,190,10,5,N,N,N,N,N,https://i.postimg.cc/vZkdcvRP/IMG-8475.webp,https://i.postimg.cc/P59kPMsX/IMG-8476.webp,,,V,,,,,10,,,棒球,,
,2025道奇冠軍套組,,2580,,,,Y,Y,N,N,N,https://i.postimg.cc/9MPmGJsS/IMG-8478.webp,https://i.postimg.cc/d3qqnGY1/IMG-8480.webp,https://i.postimg.cc/vTQQX5s6/IMG-8481.webp,https://i.postimg.cc/QN4Q5msJ/IMG-8484.webp,V,Y,,,,100,,,棒球,,
,大谷封王之戰,919,250,220,10,5,N,N,N,N,N,https://i.postimg.cc/gJnWd8Vy/IMG-8499.webp,,,,V,,,,,35,,,棒球,,
,Muncy 8局關鍵全壘打,920,300,275,10,5,N,N,Y,N,N,https://i.postimg.cc/50TMtygm/IMG-8500.webp,https://i.postimg.cc/Px9kqJyQ/IMG-8501.webp,,,V,,,,,10,,,棒球,,
,Rojas 續命全壘打,921,300,275,10,5,N,N,Y,N,N,https://i.postimg.cc/QtryY7fq/IMG-8506.webp,https://i.postimg.cc/XJm0vqLf/IMG-8502.webp,,,V,,,,,15,,,棒球,,
,Will Smith堅守本壘,922,220,190,10,5,N,N,N,N,N,https://i.postimg.cc/JnvWh0x3/IMG-8503.webp,,,,V,,,,,20,,,棒球,,
,Pages 驚險接殺,923,220,190,10,5,N,N,N,N,N,https://i.postimg.cc/3RVHwN1b/IMG-8504.webp,,,,V,,,,,20,,,棒球,,
,Will Smith超前轟,924,300,275,10,5,N,N,Y,Y,N,https://i.postimg.cc/ZR2hqnH2/IMG-8508.webp,https://i.postimg.cc/wvZdBM2f/IMG-8509.webp,,,V,,,,,25,,,棒球,,
,山本中0日救援,925,300,275,10,5,Y,N,N,Y,N,https://i.postimg.cc/hj6qGvsN/IMG-8510.webp,https://i.postimg.cc/Xq56BWD3/IMG-8511.webp,https://i.postimg.cc/mk9W146G/IMG-8512.jpg,https://i.postimg.cc/qqKH6rZk/IMG-8513.webp,V,,,,,85,,,棒球,,
,山本 WS MVP,926,300,275,10,5,N,N,N,Y,N,https://i.postimg.cc/j2fYnTkj/IMG-8514.webp,https://i.postimg.cc/Kc32H7cn/IMG-8515.webp,,,V,,,,,90,,,棒球,,
,Kershaw 最後的冠軍🏆,927,300,275,10,5,N,N,Y,N,N,https://i.postimg.cc/kMRmpNMN/IMG-8516.webp,https://i.postimg.cc/FFk4BbFg/IMG-8517.webp,,,V,,,,,30,,,棒球,,
,Betts 現役最多4枚冠軍戒指💍,928,300,275,10,5,N,N,Y,N,N,https://i.postimg.cc/664XmV6z/IMG-8518.webp,https://i.postimg.cc/h4QB584C/IMG-8519.webp,,,V,,,,,5,,,棒球,,
,道奇WS衛冕成功,929,300,275,10,5,Y,N,Y,N,N,https://i.postimg.cc/Vs08V9sp/IMG-8520.webp,https://i.postimg.cc/qB6T5cBY/IMG-8521.webp,https://i.postimg.cc/BZP0V5Q0/IMG-8522.webp,,V,,,,,55,,,棒球,,
,古林睿煬 日職季後賽4.2局無失分,168,230,190,20,10,N,N,N,N,N,https://i.postimg.cc/2j7rF2y3/IMG-8548.webp,,,,V,,,,,20,,,棒球,,
,Drake Baldwin 2025 NL ROY,OS-01,310,310,10,5,N,N,Y,Y,N,https://i.postimg.cc/jdxZHjKt/IMG-0449.webp,https://i.postimg.cc/DyvBrzFv/IMG-0450.webp,,,V,,,,,10,,,棒球,,
,Nick Kurtz 2025 AL ROY,OS-02,310,280,10,5,N,N,Y,Y,N,https://i.postimg.cc/ZKbV8qZq/IMG-0451.webp,https://i.postimg.cc/rFVQ1pcF/IMG-0452.webp,,,V,,,,,45,,,棒球,,
,Drake Baldwin / Nick Kurtz 2025 ROY,OS-03,310,280,10,5,N,Y,N,N,N,https://i.postimg.cc/ZKbV8qZY/IMG-0453.webp,https://i.postimg.cc/28k2Q5m3/IMG-0454.webp,,,V,,,,,20,,,棒球,,
,Paul Skenes 2025 NY CY,OS-04,310,280,10,5,N,N,Y,Y,N,https://i.postimg.cc/QxLsmQqL/IMG-0455.webp,https://i.postimg.cc/BQWspTC0/IMG-0456.webp,,,V,,,,,45,,,棒球,,
,Tarik Skubal 2025 AL CY,OS-05,310,280,10,5,N,N,Y,Y,N,https://i.postimg.cc/ZKkZH8L4/IMG-0457.webp,https://i.postimg.cc/WbRj8G7V/IMG-0458.webp,,,V,,,,,30,,,棒球,,
,Paul Skenes/Tarik SkubL 2025 CY,OS-06,310,280,10,5,N,Y,N,N,N,https://i.postimg.cc/xTrY5vPY/IMG-0459.webp,https://i.postimg.cc/kXr9sQyn/IMG-0460.webp,,,V,,,,,25,,,棒球,,
,大谷 2025 NL MVP,OS-07,310,280,10,5,N,N,Y,Y,N,https://i.postimg.cc/g0mCzSjg/IMG-0461.webp,https://i.postimg.cc/7LwFHshQ/IMG-0462.webp,,,V,,,,,120,,,棒球,,
,Judge 2025 AL MVP,OS-08,310,280,10,5,N,N,Y,Y,N,https://i.postimg.cc/g0sfnVLH/IMG-0463.webp,https://i.postimg.cc/Jhx9GNHc/IMG-0464.webp,,,V,,,,,45,,,棒球,,
,大谷/Judge 2025 MVP,OS-09,310,280,10,5,N,N,N,Y,N,https://i.postimg.cc/tgpKqSJM/IMG-0465.webp,https://i.postimg.cc/6QcDyr4h/IMG-0466.webp,,,V,,,,,65,,,棒球,,
,US penny,,200,200,10,10,N,N,Y,N,N,https://i.postimg.cc/zDhjJ42F/IMG-8764.webp,https://i.postimg.cc/L4PTHGQC/IMG-8765.jpg,,,V,,,,,15,,,棒球,,
,2025 Topps Black & White collector box,,8800,,,,,,,,N,https://i.postimg.cc/X7LyxNZr/IMG-8824.jpg,,,,V,Y,Y,0,,1,,,棒球,,
,2025 Topps Black & White mega box,,2800,,,,,,,,N,https://i.postimg.cc/dt6TnQ7j/IMG-8825.jpg,,,,V,Y,Y,0,,5,,,棒球,,
,2025 Topps Chrome Update Jumbo box,,15000,,,,,,,,N,https://i.postimg.cc/8kyy3Grp/IMG-8813.jpg,,,,V,Y,Y,0,,4,,,棒球,,
,2025 Topps Chrome Update hobby box,,7600,,,,,,,,N,https://i.postimg.cc/v8PPjy6b/IMG-8812.jpg,,,,V,Y,Y,0,,6,,,棒球,,
,2025 Topps Chrome Update mega box,,2650,,,,,,,,N,https://i.postimg.cc/gcMM5p6k/IMG-8814.jpg,,,,V,Y,Y,0,,10,,,棒球,,
,2025 Topps Chrome Update value box,,1550,,,,,,,,N,https://i.postimg.cc/Y2XXV7m0/IMG-8815.jpg,,,,V,Y,Y,0,,10,,,棒球,,
,2025 Topps Chrome Cosmic Baseball hobby box,,12800,,,,,,,,N,https://i.postimg.cc/5N6PWrwf/IMG-8816.jpg,,,,V,Y,Y,0,,5,,,棒球,,
,2025 Topps Archives Baseball hobby box,,4800,,,,,,,,N,https://i.postimg.cc/yYkfCGF6/IMG-8817.jpg,,,,V,Y,Y,0,,6,,,棒球,,
,2025 Topps Archives Baseball value box,,950,,,,,,,,N,https://i.postimg.cc/VLd7Phjf/IMG-8818.jpg,,,,V,Y,Y,0,,10,,,棒球,,
,2025 Topps Holiday Baseball mega box,,1200,,,,,,,,N,https://i.postimg.cc/ncNfyBQM/IMG-8489.jpg,,,,V,Y,Y,0,,1,,,棒球,,
,2025 Topps Update Baseball jumbo box,,6600,,,,,,,,N,https://i.postimg.cc/TYpkvsr5/IMG-8821.jpg,,,,V,Y,Y,0,,3,,,棒球,,
,2025 Topps Update Baseball hobby box,,3200,,,,,,,,N,https://i.postimg.cc/Fs7PX6jJ/IMG-8822.jpg,,,,V,Y,Y,0,,4,,,棒球,,
,2025 Topps Update Baseball value box,,980,,,,,,,,N,https://i.postimg.cc/15fW1dp6/IMG-8823.jpg,,,,V,Y,Y,0,,10,,,棒球,,
,2025 Topps Allen& Ginter baseball hobby box,,4800,,,,,,,,N,https://i.postimg.cc/pXp0MSDp/IMG-8819.jpg,,,,V,Y,Y,0,,6,,,棒球,,
,2025 Topps Allen& Ginter baseball value box,,980,,,,,,,,N,https://i.postimg.cc/PrP6n7mw/IMG-8641.jpg,,,,V,Y,Y,0,,10,,,棒球,,
,2025 Topps Finest NPB,,2400,,,,,,,,N,https://i.postimg.cc/jSYMCrmq/IMG-0477.jpg,,,,V,Y,Y,0,,7,,,棒球,,
,2025 Topps Heritage High Number Baseball Hobby Box,,3450,,,,,,,,N,https://i.postimg.cc/L82khFRL/IMG-8879.webp,,,,V,Y,Y,0,,6,,,棒球,,
,2025 Topps Star Wars Chrome® Sapphire,,7800,,,,,,,,N,https://i.postimg.cc/T3LGW0Z6/IMG-8929.jpg,,,,V,Y,Y,0,,3,,,其他,,
,LBJ 生涯第23球季破NBA紀錄,58,310,280,10,5,N,Y,N,N,N,https://i.postimg.cc/50t5ZrzG/IMG-8934.webp,https://i.postimg.cc/HxP0Ht4V/IMG-8935.webp,,,V,,,,,25,,,籃球,,
,Cooper Flagg 生涯新高29分,60,250,220,10,5,N,N,N,N,N,https://i.postimg.cc/3rtCzQ8W/IMG-9006.webp,,,,V,,,,,5,,,籃球,,
,動物方城市2,,450,390,10,5,Y,N,N,N,N,https://i.postimg.cc/52HD5f6k/IMG-9033.webp,https://i.postimg.cc/W1QCXxkn/IMG-9034.webp,,,V,,,,,20,,,其他,,
,2025 Topps Chrome Marvel value box,,1600,,,,,,,,N,https://i.postimg.cc/QtsGpNCL/IMG-9045.webp,,,,V,Y,Y,0,,10,,,其他,,
,Dirk Nowitzki - 2025-26 NBA Living Set,5,210,180,10,5,Y,N,N,N,N,https://i.postimg.cc/SNzGDqHS/IMG-9051.webp,https://i.postimg.cc/c48cXZPr/IMG-9052.webp,https://i.postimg.cc/QxWq0svF/IMG-9053.webp,https://i.postimg.cc/bwc95WjY/IMG-9054.webp,V,,,,,5,,,籃球,,
,Cooper Flagg 最年輕35分,67,260,230,10,5,N,N,N,N,N,https://i.postimg.cc/ry4qCzPf/IMG-0515.webp,,,,V,,,,,5,,,籃球,,
,Lionel Messi 405助攻 史上第一,139,330,295,10,5,N,Y,N,N,N,https://i.postimg.cc/pVjPYy6G/IMG-0516.webp,https://i.postimg.cc/RCtvQqDp/IMG-0514.webp,,,V,,,,,20,,,其他,,
,2025 Topps Allen& Ginter baseball hobby box_new,,5280,,,,,,,,Y,https://i.postimg.cc/pXp0MSDp/IMG-8819.jpg,,,,V,Y,Y,0,,3,,,棒球,,
,2025 Topps Allen& Ginter baseball value box_new,,1080,,,,,,,,Y,https://i.postimg.cc/PrP6n7mw/IMG-8641.jpg,,,,V,Y,Y,0,,10,,,棒球,,
,James Harden NBA all-time 得分前10,76,330,295,10,5,N,Y,N,N,N,https://i.postimg.cc/bNGBPpDG/IMG-9226.webp,https://i.postimg.cc/Fs2ns83R/IMG-9227.webp,,,0,,,,,0,,,籃球,,
,Samurai Japan-佐佐木 泰,1,250,220,10,5,N,N,N,N,N,https://i.postimg.cc/MpLsr4KG/IMG-9228.webp,https://i.postimg.cc/4x08FMNV/IMG-9229.webp,,,0,,,,,0,,,棒球,,
,Samurai Japan-西川 史礁,2,250,220,10,5,N,N,N,N,N,https://i.postimg.cc/JzFTdg4j/IMG-9230.webp,https://i.postimg.cc/DwNCYDyq/IMG-9231.webp,,,0,,,,,0,,,棒球,,
,Samurai Japan-坂本 誠志郎,3,250,220,10,5,N,N,N,N,N,https://i.postimg.cc/Xvy2M8pQ/IMG-9232.webp,https://i.postimg.cc/MpLsr4KR/IMG-9233.webp,,,0,,,,,0,,,棒球,,
,Samurai Japan-野村 勇,4,250,220,10,5,N,N,N,N,N,https://i.postimg.cc/Bv1hWgX1/IMG-9234.webp,https://i.postimg.cc/jjJ8VXLN/IMG-9235.webp,,,0,,,,,0,,,棒球,,
,Samurai Japan-金丸 夢斗,5,250,220,10,5,N,N,N,N,N,https://i.postimg.cc/JhBTwqG3/IMG-9236.webp,https://i.postimg.cc/k5tjrcBF/IMG-9237.webp,,,0,,,,,0,,,棒球,,
,玩具總動員 Topps Now,,340,,,,Y,N,N,N,N,https://i.postimg.cc/Xq0FZKNW/IMG-9242.jpg,,,,V,,,,,15,,,其他,,
,Pete Alonso 加盟金鶯,OS10,230,200,10,5,N,N,N,N,N,https://i.postimg.cc/wBnp0N4r/IMG-0540.webp,,,,V,,,,,5,,,棒球,,
,John Cena-the last real champion,CENA,330,295,10,5,Y,Y,N,N,N,https://i.postimg.cc/qqzxp72M/IMG-9349.webp,https://i.postimg.cc/mkJNkGSs/IMG-9350.webp,https://i.postimg.cc/0jFdjqCq/IMG-9351.webp,,V,,,,,20,,,其他,,
,Lando Norris 2025 F1 champion,86,330,295,10,5,Y,Y,N,N,N,https://i.postimg.cc/Pr9bWZwG/IMG-9352.webp,https://i.postimg.cc/d0K8XY6d/IMG-9353.webp,https://i.postimg.cc/xdSK725z/IMG-9354.webp,https://i.postimg.cc/tgHhfjkm/IMG-9355.webp,V,,,,,15,,,其他,,
,2025 MLS Cup - Inter Miami CF - MLS Topps NOW® 8 Card Team Set,,1350,,,,N,Y,N,N,N,https://i.postimg.cc/Lsz5GsBZ/6bb50d1a4021052a5ff5c8d48dbd8921cb3ea32d-CASE.webp,https://i.postimg.cc/d083g0m2/fe747dd981311429f92ea2fe21fc8987dc2a73f9-MLSC-2A.webp,https://i.postimg.cc/Lsz5GsBL/1f497aa7bfb42ecb1d230ea0e6442bdcbbbfe692-triple-auto.webp,,V,,,,,3,,,其他,,
,Fernando Mendoza – 2025-26 Bowman U NOW® Football – Heisman Trophy Winner,25HAW-FM,310,280,10,5,N,Y,Y,Y,N,https://i.postimg.cc/tg07r6Pp/b4b9fd7240370e558389739c51c608253d628fb1-ARTBU-16C2S-25BUNF-25HAW-FM.webp,,,,V,,,,,5,,,其他,,
,Stephen Curry 12+3points,85,265,235,10,5,N,N,N,N,N,https://i.postimg.cc/MHXWY7v4/IMG-0548.webp,,,,V,,,,,5,,,籃球,,
,Cooper Flagg 生涯首度40+分,86,330,295,10,5,Y,Y,N,Y,N,https://i.postimg.cc/tgXG53cr/IMG-0549.webp,https://i.postimg.cc/mk9W7Zgw/IMG-0554.webp,https://i.postimg.cc/7Lm8QCvK/IMG-0551.webp,,V,,,,,20,,,籃球,,
,John Cena farewell,137,330,295,10,5,Y,Y,N,Y,N,https://i.postimg.cc/FsznZPGy/IMG-9420.webp,https://i.postimg.cc/wTMbVWFk/IMG-9421.webp,https://i.postimg.cc/X7qD82xL/IMG-9422.webp,https://i.postimg.cc/J40dqTKK/IMG-9423.webp,V,,,,,20,,,其他,,
,2025 Topps Heritage High Number Baseball Hobby Box_new,,3550,,,,,,,,Y,https://i.postimg.cc/L82khFRL/IMG-8879.webp,,,,V,Y,Y,0,,5,,,棒球,,
,Stephon Curry 26000分,101,265,235,10,5,Y,N,N,N,N,https://i.postimg.cc/xCZJtqWm/IMG-9620.webp,https://i.postimg.cc/V6hrD53X/IMG-9621.webp,,,V,,,,,20,,,籃球,,
,Nikola Jokic-55/15/15,103,330,300,10,5,Y,Y,N,N,N,https://i.postimg.cc/9QhMtzm9/IMG-9626.webp,https://i.postimg.cc/SxfKZqR5/IMG-9627.webp,https://i.postimg.cc/Jz5hTmtL/IMG-9628.webp,,V,,,,,15,,,籃球,,
,怪奇物語,STRA,330,310,10,5,Y,Y,N,N,N,https://i.postimg.cc/q744pxBX/IMG-0569.webp,https://i.postimg.cc/N0BBQkGS/IMG-0570.webp,https://i.postimg.cc/cJhZCt6P/IMG-0571.webp,https://i.postimg.cc/TP0G15pY/IMG-0572.webp,0,,,,,35,,,其他,,
,2025 Topps Chrome Marvel value box,,1550,,,,,,,,Y,https://i.postimg.cc/QtsGpNCL/IMG-9045.webp,,,,V,Y,Y,6,,19,,,其他,,
,LBJ帥氣反扣,107,265,235,10,5,N,N,N,N,N,https://i.postimg.cc/PfPFd9gw/IMG-0576.webp,,,,0,,,,,6,,,籃球,,
,2025 MLB Topps NOW® Rookie Cup Team Set,,2350,,,,N,Y,N,N,N,https://i.postimg.cc/Qt6ZpZXq/IMG-0577.webp,https://i.postimg.cc/KjRSfpz5/IMG-0578.webp,https://i.postimg.cc/rsKXjZmg/IMG-0580.webp,https://i.postimg.cc/XqpSL1JQ/IMG-0581.webp,0,,,,,23,,,棒球,,
,測試商品(請勿下單),999,500,300,3,1,,,,,N,,,,,0,,,,,2,,,其他,,
,卡盒測試商品(請勿下單),,9999,,,,,,,,N,,,,,0,Y,,99,,1,,,其他,,
,補運費（下單付款後後勾選通知我）,,60,,,,,,,,Y,,,,,V,,,,,6,,,其他,,
,KD 3分絕殺,115,250,220,10,5,Y,N,N,N,N,https://i.postimg.cc/KvQsc3qG/IMG-9839.webp,https://i.postimg.cc/mgDpPZJZ/IMG-9840.webp,,,0,,,,,6,,,籃球,,
,Braden Smith - 2025-26 Bowman U NOW,44,340,310,10,5,N,N,N,Y,N,https://i.postimg.cc/Dz5GhWXh/IMG-0590.webp,https://i.postimg.cc/zBBgGJn4/IMG-0591.webp,,,0,,,,,10,,,籃球,,
,Cooper Flagg living set,11,250,200,10,5,Y,N,N,N,N,https://i.postimg.cc/RVDjkYNz/IMG-0592.webp,https://i.postimg.cc/zXc9sQVB/IMG-0593.webp,https://i.postimg.cc/Z5v14Ld4/IMG-0594.webp,https://i.postimg.cc/XYBT4gCn/IMG-0595.webp,0,,,,,27,,,籃球,,
,今井達也加盟太空人,OS-12,340,310,10,5,N,N,Y,N,N,https://i.postimg.cc/xT7B33gJ/IMG-9858.webp,https://i.postimg.cc/tCf8NNDV/IMG-9859.webp,,,0,,,,,15,,,棒球,,
,岡本和真加盟藍鳥,OS-13,340,310,10,5,N,N,Y,N,N,https://i.postimg.cc/TYZL5zrr/IMG-9860.webp,https://i.postimg.cc/DytJ49qc/IMG-9861.webp,,,0,,,,,10,,,棒球,,
,2025 Topps pristine baseball,,18500,,,,,,,,Y,https://i.postimg.cc/WtLWdSyD/IMG-0615.jpg,,,,0,Y,Y,0,,2,,,棒球,,
,2026 Topps series 1-hobby jumbo box,,7980,,,,,,,,Y,https://i.postimg.cc/J0hJF5J1/IMG-9940.webp,https://i.postimg.cc/g2N2rb6Z/IMG-9945.webp,https://i.postimg.cc/2S2S3NBv/IMG-9949.webp,https://i.postimg.cc/XYQYX6yJ/IMG-9950.jpg,0,Y,Y,0,"每包40張卡, 每盒10包
保有一張簽名及一張物料卡
預計2月中抵台(此為估算時間確切時間以官方實際發貨為主)",12,,,棒球,,
,2026 Topps series 1-hobby box,,3980,,,,,,,,Y,https://i.postimg.cc/L5sfW3fs/IMG-9939.webp,https://i.postimg.cc/g2N2rb6Z/IMG-9945.webp,https://i.postimg.cc/2S2S3NBv/IMG-9949.webp,https://i.postimg.cc/XYQYX6yJ/IMG-9950.jpg,0,Y,Y,0,"每包12張卡, 每盒20包
保有一張簽名或是物料卡
預計2月中抵台(此為估算時間確切時間以官方實際發貨為主)",10,,,棒球,,
,2026 Topps series 1-mega box,,2100,,,,,,,,Y,https://i.postimg.cc/3NwpqFpR/IMG-9941.webp,https://i.postimg.cc/g2N2rb6Z/IMG-9945.webp,https://i.postimg.cc/2S2S3NBv/IMG-9949.webp,https://i.postimg.cc/XYQYX6yJ/IMG-9950.jpg,0,Y,Y,0,"每包14張卡, 每盒14包
預計2月底抵台(此為估算時間確切時間以官方實際發貨為主)",10,,,棒球,,
,2026 Topps series 1-value box,,1080,,,,,,,,Y,https://i.postimg.cc/T1PmsJm1/IMG-9942.webp,https://i.postimg.cc/g2N2rb6Z/IMG-9945.webp,https://i.postimg.cc/2S2S3NBv/IMG-9949.webp,https://i.postimg.cc/XYQYX6yJ/IMG-9950.jpg,0,Y,Y,0,"每包12張卡, 每盒6包
預計2月中抵台(此為估算時間確切時間以官方實際發貨為主)",16,,,棒球,,
,Victor Wembanyama 第二年輕生涯500火鍋,127,340,310,10,5,N,N,Y,Y,N,https://i.postimg.cc/hPsrtjsB/IMG-9966.webp,https://i.postimg.cc/kXscg4s9/IMG-9967.webp,,,0,,,,,6,,,籃球,,
,Alex Bregman加盟小熊,OS-14,340,310,10,5,N,Y,N,N,N,https://i.postimg.cc/FHYMQFnS/IMG-0622.webp,https://i.postimg.cc/Z5WGhYDF/IMG-0623.webp,,,0,,,,,5,,,棒球,,
,Fernando Mendoza - 2025-26 Bowman U NOW® Football,67,340,310,10,5,N,N,N,Y,N,https://i.postimg.cc/9MNyc6VY/IMG-0109.webp,https://i.postimg.cc/BbLHbmQP/IMG-0110.webp,,,0,,,,,6,,,其他,,
,Fernando Mendoza - 2025-26 Bowman U NOW® Football - Art Card,FM,340,310,10,5,N,Y,N,N,N,https://i.postimg.cc/Jh7qMwvv/IMG-0116.webp,https://i.postimg.cc/SKQrk03B/IMG-0117.webp,,,0,,,,,10,,,其他,,
,2025 Topps Stadium Club Baseball - Hobby Box,,4500,,,,,,,,Y,https://i.postimg.cc/KjCq89B0/IMG-0111.webp,https://i.postimg.cc/C59Pxvk6/IMG-0112.webp,https://i.postimg.cc/Gt67mMG5/IMG-0113.webp,https://i.postimg.cc/59rkgtT1/IMG-0114.webp,0,Y,Y,0,"每包8張卡, 每盒16包 保一張簽名
預計2月底抵台(此為估算時間確切時間以官方實際發貨為主)checklist參考： https://cdn.shopify.com/s/files/1/0662/9749/5709/files/2025_Topps_Stadium_Club_Baseball_Checklist.pdf?v=1769109095",9,,,棒球,,
,2025 Topps Stadium Club Baseball - Mega Box,,1880,,,,,,,,Y,https://i.postimg.cc/cCP9LDwj/IMG-0115.webp,https://i.postimg.cc/C59Pxvk6/IMG-0112.webp,https://i.postimg.cc/Gt67mMG5/IMG-0113.webp,https://i.postimg.cc/59rkgtT1/IMG-0114.webp,0,Y,Y,0,"每包8張卡, 每盒18包
預計2月底抵台(此為估算時間確切時間以官方實際發貨為主)",15,,,棒球,,
,2025 Topps Stadium Club Baseball - Value Box,,980,,,,,,,,Y,https://i.postimg.cc/NFZJjNmn/IMG-0118.webp,https://i.postimg.cc/C59Pxvk6/IMG-0112.webp,https://i.postimg.cc/Gt67mMG5/IMG-0113.webp,https://i.postimg.cc/59rkgtT1/IMG-0114.webp,0,Y,Y,0,"每包5張卡, 每盒8包
預計2月底抵台(此為估算時間確切時間以官方實際發貨為主)",11,,,棒球,,
,Carlos Beltran-入選名人堂,OS-15,340,310,10,5,N,Y,N,N,N,https://i.postimg.cc/sf9yvW0v/IMG-0137.webp,https://i.postimg.cc/RCQ9Ntbq/IMG-0138.webp,,,0,,,,,0,,,棒球,,
,Andruw Jones-入選名人堂,OS-16,340,310,10,5,N,Y,N,N,N,https://i.postimg.cc/GtQ1V0yr/IMG-0135.webp,https://i.postimg.cc/dQmvLCS3/IMG-0136.webp,,,0,,,,,5,,,棒球,,
,Kyle Tucker加盟道奇,OS-18,340,310,10,5,N,Y,N,N,N,https://i.postimg.cc/Bn7rP6n2/IMG-0174.webp,https://i.postimg.cc/0N6LYszC/IMG-0175.webp,,,0,,,,,20,,,棒球,,
,2026 MLB The Show Cover Topps NOW® - Aaron Judge,,275,245,10,5,N,N,N,N,N,https://i.postimg.cc/vT44CpXV/IMG-0211.webp,,,,0,,,,,40,,,棒球,,
,Cooper Flagg 生涯新高49分,150,340,310,10,5,N,N,N,Y,N,https://i.postimg.cc/Jzcd4jFV/IMG-0273.webp,https://i.postimg.cc/8zBnPLYT/IMG-0274.webp,,,0,,,,,15,,,籃球,,
,Kon Knueppel 生涯新高34分,151,340,310,10,5,N,N,N,Y,N,https://i.postimg.cc/dVmStGfq/IMG-0277.webp,https://i.postimg.cc/VkBHLXhf/IMG-0278.webp,,,0,,,,,5,,,籃球,,
,Cooper Flagg/Kon Knueppel 雙人同場合計 83分,152,340,310,10,5,N,N,N,Y,N,https://i.postimg.cc/J0kpwXXS/IMG-0275.webp,https://i.postimg.cc/VvCKytt3/IMG-0276.webp,,,0,,,,,10,,,籃球,,
,Carlos Alcaraz最年輕生涯大滿貫,11,340,310,10,5,Y,N,N,Y,N,https://i.postimg.cc/kGS9nfrV/IMG-0348.webp,https://i.postimg.cc/HnMHpBG5/IMG-0349.webp,https://i.postimg.cc/MHBxWdkQ/IMG-0350.webp,,0,,,,,15,,,其他,,
,Kon Knueppel - Living Set,15,240,210,10,5,Y,N,N,N,N,https://i.postimg.cc/x86brjpB/IMG-0426.webp,"https://i.postimg.cc/GpDYBC93/IMG-0423.webp
",https://i.postimg.cc/g0hRwWrL/IMG-0424.webp,https://i.postimg.cc/KYTLK24g/IMG-0425.webp,0,,,,"Look for:

Open-Edition Base Card
Background Variation Short Print
Topps Chrome® Refractor Parallel
Topps Chrome® Superfractor 1/1",6,,,籃球,,
,Stephon Castle triple double,164,340,300,10,5,Y,Y,N,N,N,https://i.postimg.cc/zBv5bM4Z/IMG-0500.webp,https://i.postimg.cc/MTHxM4g6/IMG-0501.webp,https://i.postimg.cc/HxnHcKFp/IMG-0502.jpg,,0,,,,"Look for:

Open-Edition Base Card 
Foil Parallels Numbered to /50 and lower
Stephon Castle Image Variation Short Prints
/10 Autograph Redemption Card
/5 Autograph Redemption Card
/1 Autograph Redemption Card
Parallels:
/50 Gold Foil
/25 Orange Foil
/10 Black Foil
/5 Red Foil
/1 FoilFractor",0,,,籃球,,
,Nikola Jokić 第二多triple double,166,250,210,10,5,N,N,N,N,N,https://i.postimg.cc/mZdCdQ5X/IMG-0674.webp,https://i.postimg.cc/tCYP8YKk/IMG-0675.webp,,,0,,,,"Look for:

Open-Edition Base Card
Foil Parallels Numbered to /50 and lower
Parallels:
/50 Gold Foil
/25 Orange Foil
/10 Black Foil
/5 Red Foil
/1 FoilFractor",0,,,籃球,,
,2026 All-Star Game Set - NBA Topps NOW® - 26 Card Set,,3780,,,,Y,Y,N,N,N,https://i.postimg.cc/HkLLVp8X/IMG-0534.webp,https://i.postimg.cc/qv77zk6s/IMG-0537.webp,https://i.postimg.cc/W144h2qm/IMG-0535.webp,https://i.postimg.cc/9QffrWwt/IMG-0536.webp,0,,,,"1) Parallel or Autograph Redemption per set!

26-card complete set - featuring the 25 selected 2026 NBA All-Stars PLUS (1) of the following cards guaranteed:

Exclusive All-Star Parallel
Sequentially numbered base card parallel
Redemption for autographed base card parallel /5 or lower
Parallels:

All-Star Parallel

/50 Gold Foil

/25 Orange Foil

/10 Black Foil

/5 Red Foil

/1 FoilFractor
名單連結：https://cdn.shopify.com/s/files/1/0662/9749/5709/files/2026_NBA_Topps_Now_All-Star_Game_Set_-_Checklist.pdf?v=1770669604",3,,,籃球,,
,2026 Rising Stars Set - NBA Topps NOW® - 22 Card Set,,4580,,,,Y,Y,N,N,N,https://i.postimg.cc/v8zM9JsP/IMG-0538.webp,https://i.postimg.cc/BQn3CmSh/IMG-0542.webp,https://i.postimg.cc/7YZ4NKHs/IMG-0541.webp,https://i.postimg.cc/65pKhMWY/IMG-0540.webp,0,,,,"(1) Parallel or Autograph Redemption per set!

22-card complete set - featuring the 21 selected 2026 Castrol Rising Stars PLUS (1) of the following cards guaranteed:

Exclusive Rising Stars Parallel
Sequentially numbered base card parallel
Redemption for autographed base card parallel /5 or lower
Parallels:

Rising Stars Parallel

/50 Gold Foil

/25 Orange Foil

/10 Black Foil

/5 Red Foil

/1 FoilFractor 名單連結：https://cdn.shopify.com/s/files/1/0662/9749/5709/files/2026_NBA_Topps_Now_Rising_Stars_Set_-_Checklist.pdf?v=1770669604",4,,,籃球,,
,2025-26 Topps chrome basketball value box,,1850,,,,,,,,Y,https://i.postimg.cc/Z5D4g5K1/IMG-0677.webp,,,,V,Y,Y,0,,2,,,籃球,,
,LeBron James 最老大三元,172,250,220,10,5,N,N,N,N,N,https://i.postimg.cc/sxSx0H04/IMG-0609.webp,,,,0,,,,"Look for:

Open-Edition Base Card
Foil Parallels Numbered to /50 and lower
Parallels:
/50 Gold Foil
/25 Orange Foil
/10 Black Foil
/5 Red Foil
/1 FoilFractor",0,,,籃球,,
,VJ Edgecombe rising star MVP,174,325,285,10,5,N,N,Y,N,N,https://i.postimg.cc/v8p5c0q6/IMG-0643.webp,https://i.postimg.cc/BZd2XmYD/IMG-0644.webp,,,0,,,,"Look for:

Open-Edition Base Card 
Foil Parallels Numbered to /50 and lower
/10 Relic Redemption Card
/5 Relic Redemption Card
/1 Relic Redemption Card
Parallels:
/50 Gold Foil
/25 Orange Foil
/10 Black Foil
/5 Red Foil
/1 FoilFractor",0,,,籃球,,
,Damian Lillard 3次3分球大賽冠軍,175,325,285,10,5,N,N,Y,N,N,https://i.postimg.cc/BZd2XmYD/IMG-0644.webp,https://i.postimg.cc/Y2JQhdnQ/IMG-0646.webp,,,0,,,,"Look for:

Open-Edition Base Card 
Foil Parallels Numbered to /50 and lower
/10 Relic Redemption Card
/5 Relic Redemption Card
/1 Relic Redemption Card
Parallels:
/50 Gold Foil
/25 Orange Foil
/10 Black Foil
/5 Red Foil
/1 FoilFractor",0,,,籃球,,